label	text
Y	кодовый замок цена
N	хабаровск ереван билеты сколько стоят
Y	сколько стоит гриф карты
Y	сколько стоит шуруповерт в березке
N	какие цены на билеты жд сухум москва
Y	сколько стоит супрастин на орбитальной семьдесят
Y	видеорегистраторы мистери купить в волгограде цены
Y	сколько стоит подписка яндекс плюс
Y	сколько стоит сыр филадельфия
Y	редми восемь сколько стоит
N	алиса сколько стоит десять копеек
N	буду стоят капельки целый день
N	монета десять рублей пятьдесят лет победы стоимость
Y	сколько стоит флогардин
N	так сколько стоит
N	зимой стоит летом журчит
Y	стоимость панели с приборами
N	известному норвежскому драматургу и цену принадлежат следующие высказывания самое возмутительное преступление это злоупотребление доверием друг друга как вы думаете к какому виду отклоняющегося поведения
Y	летающий корабль май литл пони сколько стоит
N	адмиралтейские верфи это рыболовное судно сколько стоит
Y	сколько стоит самсунг галакси джи три
Y	сколько стоит баскет дуэт
Y	алиса открывай все самсунг гелекси на магазине сколько стоит
Y	телефон ксиоми новый сколько стоит
Y	сколько стоит купить роутер
Y	какая цена на нутрилон в тюменской области
Y	алиса сколько стоит костюм леди баг
Y	покажи мне одежду спортивные костюмы цена
Y	сколько стоят умные часы
N	за сцену налево там идет такие как торговый центр
Y	цена двигателя на двухлитровую киа оптима коробка механика
N	сколько бензина потребуется чтобы проехать от москвы до дивноморска на ниссан икс эл тэ тридцать два сколько стоит дорога
Y	сколько стоит лобстер
Y	атаган сироп цена и дозировка
Y	самсунг галакси с девять плюс цена
Y	выжимной подшипник на ваз двадцать один четырнадцать цена
N	сколько стоит лабрадор
Y	сколько стоит хуавей хонор семьдесят
Y	энтерофурил стоимость
N	какие подшипники стоят в редукторе к шестьсот шестьсот девять
Y	алиса сколько стоит кукла лол
N	скажи пожалуйста сколько стоит билет москва ереван
Y	сколько стоят наушники беспроводные от айфона
Y	сколько стоит самсунг галакси а ноль один
Y	стоимость хавал в городе липецке седьмой
N	сколько стоит путевка в артек
Y	алиса найди мне пожалуйста сколько стоят печи сушилки для яблок и трав
N	стоимость акита ину щенка
Y	сколько стоит зеркало на газель
Y	сколько стоит микрофон
Y	алиса сколько стоит обруч
N	км конденсаторы приемка спб цены
N	в чем особенность таможенного контроля таможенной стоимости и происхождение товаров
Y	алиса скажи сколько стоит бисер для вышивания картинки там всяко разно
N	сколько стоит фольксваген калифорния
N	герцена двадцать два
N	алиса
N	сколько стоит в месяц яндекс плюс
N	хабаровск москва поезд сколько стоит билет
Y	геотекстиль цена
N	проспект герцена сто восемьдесят три
Y	алиса сколько стоит зеркало двухстороннее в туле
Y	сколько стоит двигатель на мотоблок с редуктором
Y	алиса сколько стоит аккумулятор на самокат
Y	зарядное устройство на самсунг галакси а пятый две тысячи семнадцать сколько стоит
Y	мне нужно чтобы этот аккумулятор была цена
Y	какая цена айфона одиннадцатого в армавире
Y	тридцать два на шестьдесят монасос сколько стоит
Y	алиса сколько стоит bmx
Y	редми восемь про цена
Y	крем аэртал стоимость
N	алиса скажи по какому адресу и в какую цену в чапаевске принимают макулатуру
N	какой сегодня день сколько стоит
Y	сколько стоят макароны
Y	пантенол новатенол двадцать пять грамм сколько стоит
Y	айфон шесть с плюс оригинал цена
N	алиса санаторий металлург в ессентуках цены на две тысячи двадцатый год декабрь
Y	алиса сколько стоит шоколадный фонтан
Y	двадцатая резина на порш кайен цена
Y	цена эл.двигателя 4ам180м6
Y	инвентарь для производственных кухонь посмотреть цены
Y	сколько стоит nerf н
Y	купить трамадол нижний тагил цена
N	алиса даполни нераспространное предложение второстепенным членами в приложении 《в лесу стоит чуткая тишина 》 подчеркните главные и второстепенные члены приложения
Y	сколько стоит скейтборд для пайки
Y	сколько стоят пельмени от рената
N	сколько стоит вездеход шерп
N	сколько стоит билет новосибирска от новосибирска
N	на каком месте стоит нижний новгород по численности населения
N	сколько стоят экскурсии по кронштадту на форты
Y	духовка редмонд цена
Y	а сколько стоит это вино
Y	самсунг а тридцать один цена
Y	алиса сколько стоит счетчик день и ночь тюмень
Y	характеристики и цена телефона зте блейд а пятьсот тридцать
N	шумоизоляция автомобиля цена на шумоизоляцию
Y	алиса сколько стоит айфон одиннадцатый
Y	хонор восемь икс цена
Y	алиса сколько стоит бмикс
Y	сколько стоит айфон седьмой в дагестане
N	сколько калорий в две котлеты стоят в макароны
Y	 цена ксиоме редми 9
N	герцена девять
Y	шампанское санта стефана сколько стоит
Y	ламбруско цена
Y	стоимость аципола в аптеке
Y	стоимость сигарет парламент хитс
Y	алиса сколько стоит резиновая кукла в петропавловске
N	станок для накатки трубной резьбы в челябинске купить цены
N	алиса вот такой вопрос может ли водитель совершить остановку для посадки пассажира на автобусной остановке если перед остановкой стоит знак остановка запрещена
N	сколько будет стоить перепрошивка на телефон и где в гуково ремонт телефонов
Y	сколько стоит гироскутер
Y	Сколько стоит айфон 10
Y	сколько стоит купить теплицу площадью один гектар
Y	сколько стоит айфон икс эр
Y	стекло самое дешевое сколько стоит
N	где мой лайк я не вижу нигде на сцене ты до ремонта
Y	алиса детский велосипед орион цена
N	стоит ли делать вклады в нс банке
N	да не стоит благодарить
N	сколько стоит бэушный процессор от компьютера
Y	велосипеды и цены в хасавюрте
N	на рукаве не стоит двойная рассечка
Y	редми нот девять сколько стоит
Y	виски джон уокер цена
Y	алиса сколько стоит гвоздика красная на камчатке
Y	цена шейного массажера ямагучи
Y	сколько стоит айфон двенадцатый в иркутске
N	брус сто на сто сколько стоит три метра длиной
N	герцена сорок шесть
Y	сколько стоит одна чугунная секция для отопления
Y	раскраски в городе красноярске цены
Y	цена на строительный домкрат
Y	цена смартфона
Y	смартфон реальный сколько стоит
Y	алиса сколько стоит одиннадцатый айфон про макс
Y	стоимость экзодерила в челябинске
N	алиса сколько стоит
Y	цокольный сайдинг цена
Y	лыжный комплект цена купить
N	мой велик честно солнце стоит надо в тенек завести потому что колесо может лопнуть из за перегрева
Y	сколько стоят детские боксерские перчатки
N	алиса сколько будет стоить живой человек
Y	сигареты рич цена иркутск
N	цена сруба бани шесть на шесть
Y	алиса покажи по цене новую кровать
Y	сколько стоит утеплитель технониколь толщиной четыре сантиметра
N	в елабуге доллар курс сегодня сколько стоит
Y	сколько стоит компрессор на сканию триста шестьдесят кобыл
N	из чего состоит хачапури
Y	праймер цена в городе анжеро судженск
Y	алиса цена колдакт в москве
N	алиса стоимость электрички на ласточки с армавира до лазаревское
Y	самая маленькая самая маленькая цена колготок в сетку
Y	сколько стоит пистолет для окраски со семьдесят один б
Y	сколько стоит мороженое альпен гольд
Y	алиса скажи пожалуйста сколько стоит датчик кислорода на хендай матрикс
Y	сколько стоит женская краска для волос
Y	алиса сколько стоит квадрокоптер
Y	сколько стоит десять литров краски делюкс для стен
Y	сколько стоят таблетки ренни
N	долгое время стоял
N	слушать любой ценой
Y	садовые тележки в нижнем новгороде самая дешевая цена
N	алиса
Y	алиса ну подскажи сколько стоит лекарство энерион
N	ближайший магазин смешные цены
Y	цена хонор шесть с про
Y	эпселен сколько стоит
Y	керамбит сколько стоит
N	где принимают банки алюминиевые на вторчермете цена
Y	алиса сколько стоит куб бетона
N	алиса скажи почему свинка пеппа никогда не стоит спиной
Y	почем стоит на ауди ремень помпа
N	алиса сколько стоит в степновском районе комаров
Y	ламинат два с половиной метра цена
Y	сколько стоит пневмобаллон на рэйндж ровер вок в новосибирске две тысячи седьмого года
N	то что у меня секундомер стоит напомни мне в десять сорок восемь
Y	первая позиция дэу нексия передняя фара сколько стоит
Y	сколько стоит одиннадцатый айфон
Y	цена апельсиновых палочек
Y	алиса сколько стоит телефон асус
Y	алиса покажи мне батуты там три человека и сколько он стоит
Y	сколько стоит багажник на мопед стелс
Y	диски на пятнадцать фольксваген поло штамповки купить в белгороде цена
Y	цена таблеток лирика
N	челябинск поменять стекло на телефоне хонор двадцать лайт цена
Y	шамотный кирпич печной в петровиче цена
Y	алиса сколько стоит изокет в омске
Y	сколько стоит поршневая группа на уазик сотка движок
N	сколько стоит пс четыре про в белоруссии
Y	сколько стоят таблетки диазолин
Y	фирма диваж шесть миллилитров гель лак купить цена
Y	сколько стоит баночка под мочу
Y	а галакси двадцать с сколько стоит
Y	алиса сколько стоит дикая орхидея в москве
N	состоит ли россия в нато
N	алиса реши задачу цена пачки печенья восемь рублей
Y	хонор девять лайт цена
Y	цена рюкзака канкен
Y	сколько стоит еврик мебельный
N	а сколько он стоит
Y	алиса сколько стоит оригинал airpods и какие функции есть
N	сколько стоит
N	особенность специализированных электро гамет в отличие от соматических состоит в том что они
N	алиса сколько стоит ракета
Y	алиса сколько стоит айфон одиннадцатый про
N	алиса ихняя или их машина стоит в гараже как правильно говорить
N	алиса
Y	алиса покажи разные мягкие игрушки с ценами
Y	сколько стоит самый дешевый самокат
Y	бумага для акварели цена
Y	задний бампер двадцать один четырнадцать в магнитогор сколько стоит
N	сколько стоит рамбулдеш в детском мире
Y	алиса сколько стоит карась
Y	ларгус цена
Y	сколько стоит самсунг галакси эс десять
N	сколько стоит замена ацетиленового баллона в красноярске
Y	купить ролеты гаражные на ворота три двадцать на два десять топ
Y	датчик кислорода на хендай гетц сколько стоит
Y	найди часы дентин стоимость
Y	рулевые тяги на форд фокус два дорестайлинг цена
Y	главный тормозной целиндор цена
Y	сколько стоит умный телевизор
Y	алиса сколько стоит кондиционер скажи пожалуйста
Y	сигвей стоимость купить
Y	redmi note пять pro цена
Y	алиса можешь сказать терафлю сколько стоит
Y	сколько стоит самсунг галакси с восемь плюс
Y	сколько стоит специальная лампа чтобы она держала телефон и на него можно было снимать в тик ток
Y	корень лопуха лекарство цена
Y	сколько стоит золотой кулон
Y	алиса водка капелька сколько стоит
Y	сколько стоит умный телевизор
N	самые редкие яркие объекты на ночном небе точка и орбиты в форме эллипсов точка они состоят изо льда точка напишите названия отдельных тел во множественном числе с маленькой буквы
Y	алиса скажи пожалуйста лизиноприл цена таблеток
Y	сварочный аппарат кедр стоимость
Y	сколько стоит колонка jbl
Y	сколько стоит станция алисы
Y	сколько стоит килограмм меди по адресу проспект буденова тридцать три а
N	а сейчас с этим светофором а ты хочешь стоять
N	сколько стоит и на кого похожа
Y	алиса стоимость страусиного яйца
Y	стоимость одного литра дизтоплива в южно сахалинске
Y	джин бомбей сапфир сколько стоит
N	алиса найди в екатеринбурге панель приборов на форд фиесту две тысячи шестого года стоимость
Y	алиса челябинская область город касли подводный фонарик сколько стоит
N	если на мопеде дельта стоит сорок девять кубов и я хочу поменять на семьдесят два куба что надо делать чтобы поменять видео смотреть
N	алиса из каких цветов состоит флаг болгарии
Y	галакси самсунг а десять сколько стоит
Y	алиса сколько стоит гидроцилиндр на пку ноль восемь
Y	цена на кукурузу
N	стоимость доллара
N	стоимость мрт в городе томске адреса
Y	таблетки форсига цена
Y	алиса цены на подсолнечное масло
N	алиса продажа колес амурская область на шестнадцать грузовые и их цена
Y	сколько стоит бампера на газель
Y	алиса скажите пожалуйста сейчас галакси а одиннадцать сколько будет стоить
N	герцена девять б
Y	спасибо сколько стоит такой фотоаппарат
N	сто долларов сколько стоит покупать по рублями
Y	сколько стоит лист пеноплекса
N	алиса сколько стоит телефон а семьдесят один в махачкале ноль пять ру
N	сколько стоит куб горячей воды
N	porsche цены
N	зеленая стоит на траве
Y	сколько стоят хабы на уаз
Y	алиса сколько стоит коробка от окушки
Y	омез цена
Y	силиконовые формы для гипса декоративные плитки продажа сколько стоит в форме
Y	сколько стоит генератор на камаз в таганроге
N	сколько стоит такси с боготола до красного завода
Y	сколько стоят таблетки фуразодолин
Y	сколько стоит металлоискатель в белоруссии
Y	обгонная муфта купить на тойота виш девятого года двадцатый кузов цена
N	у тебя стоит таймер
Y	алиса сколько стоит лекарство в санкт петербурге адатол
Y	сколько стоит одноразовая маска
Y	алиса сколько стоит телефон эксплей
N	герцена сорок один
N	алиса сколько стоит настоящий просто четыре
N	алиса
N	велосипед бородинская поближе время какая цена поезд
Y	сколько стоит колонка джибиэль банан топ
Y	шуруповерт интерскол в анапе сколько стоит
Y	сколько в среднем стоит снотворное
Y	сколько стоит электросамокат
N	давай сыграем в игру угадай цену
N	куб бруса сколько стоит сто пятьдесят на пятьдесят
Y	хонор с сколько стоит
N	из чего стоит прокладка под кронштейн масляного фильтра ауди восемьдесят один и восемь б три
Y	мерседес бенц джи эль коса цена
Y	тумбочка аскона теона цена
Y	сколько стоит велосипед игрушки
Y	алиса покажи где можно купить диски на газель некст в ульяновске какая цена
Y	алиса сколько стоит корм для раков
Y	сколько стоит аципол
Y	парфюм блэк афгана на сонату цена
N	алиса сколько стоит билет на зоопарк
Y	сигнал на шевроле круз цена
Y	сколько стоит телевизор
Y	сколько стоит воздуходувка
N	спасибо не стоит
N	который стоит десять миллионов
Y	телефон самсунг а семьдесят сколько стоит
Y	сколько стоит айфон седьмой
N	сколько стоит замена заднего стекла на телефоне хонор девять лайт
Y	тауфон цена в омске
Y	сири сколько стоит
Y	сколько стоит шампунь низорал
N	сколько стоит
Y	дроссельная заслонка ваз двадцать один десять инжектор цена
Y	кружка лучшие подруги в мире и цена
Y	алиса сколько стоят настоящие беспроводные наушники
Y	сколько стоит умный телевизор
Y	сколько стоит аэрпотцы в эпл магазине
N	установка газобаллонного оборудования в череповце цены
Y	сколько стоит айфон икс эр
Y	сколько стоит тига четыре
Y	сколько стоит умный чайник
Y	смартфоны би кью цена
Y	сколько стоит цепь для пилы штиль
N	алиса
Y	алиса покажи вертикальные жалюзи стоимость жалюзи
Y	алиса подскажи сколько стоит азалия
N	на утренний и дневной киносеанс мультикационные фильма легенда о золотом драконе было продано двести сорок билетов общая стоимость тридцать одна тысяча рублей цена билета на утрений сеанс
Y	алиса сколько стоит скейт
N	картинки вижу но нет цены хотя бы ориентировочную
Y	Сколько стоят ключи порш каен
Y	алиса сколько стоят шлакоблоки в нижнем новгороде
N	сколько стоят хомяки в зоомагазине в белорецке
Y	пропановый баллон цены в самаре
Y	цена коробка на камаз
Y	компрессионные чулки в аптеках цена
N	привет алиса покажи мне цены электрогенератора в барнауле в леруа мерлен
Y	сколько стоит посуда горница
Y	задняя ступица на хендай солярис двенадцатого года цена
N	математика пятый класс страница восемнадцать номер тридцать один на прямой точки а чтобы цена
Y	сколько стоит роблокс
Y	алиса сколько стоит крепление гарпун к натяжному потолку
Y	цена моторчика печки ваз двадцать один десять
N	сколько стоит шевроле камаро
Y	сколько стоит нимесулид
Y	цена гептрал
N	какой масляный насос стоит на гидравлике мтз двенадцать двадцать один
N	алиса а из чего состоит кожа
Y	покажи велики сколько стоят
N	хендай соната две тысячи девятнадцатого года сколько стоит
Y	сколько стоят линзованные фары на дэу нексия рестайлинг
Y	привет алиса сколько стоит водоэмульсионка
Y	часы эпл вотч цена
Y	сколько стоит йогуртовая закваска сухая в аптеке
Y	сколько стоит карбюратор на мотоблок каскад
Y	алиса сколько стоит хонор девятый в городе орле
N	стоит ли выходить замуж в две тысячи двадцатом году високосный год
Y	сколько стоит зеркало видеорегистратор фуджи восемь
N	алиса привет должанка цены на один день
Y	сколько стоит панель одна штука
Y	алиса сколько стоит кабель
Y	алиса сколько стоит бмикс
Y	цена на хонор десять сейчас
Y	алиса сколько стоит задний стопак на ладу гранту
Y	алиса сколько стоит кофейный сервиз мадонна
N	купить фотообои недорогие по низкой цене
Y	сколько стоит пневматический гайковерт
Y	сколько стоит бензонасос на форд фокус два шестого года
Y	скажи сколько стоит эспумизан в саратове
N	сколько будет стоить такси до раменское
N	волгоград стоимость такси доезда до мамаева кургана
Y	сколько стоит самсунг с двадцать плюс
N	он уже стоит значит
Y	цена на направляющие ролики для откатных ворот во всеволожске
N	отдых в абхазии цена
N	сколько стоит трасса м одиннадцать
N	стоит ли покупать авто в Армении
Y	сколько стоит новый айфон
N	алиса сколько стоит билет с пензы до волгограда
Y	сколько стоит колонка
Y	цена силикона которым промазывают столешницы у гарнитура
Y	хонор семь а про цена
N	алиса
N	цена можно
Y	алиса сколько стоит фильтр морион
Y	смотреть сколько стоят скейты
N	где стоит предохранитель на бензонасос мерседес двести три
Y	алиса скажи пожалуйста сколько стоит мазь фенистил гель в дагестане в махачкале в аптеке
N	алиса покажи мне рисунок как выглядит ютуб интернет когда стоит он на телефоне
Y	сколько стоит ремень грм на калину первую двигатель шестнадцатиклапанный
Y	стоимость нурофен сироп
Y	алиса сколько стоит bmx сейчас
N	алиса найди мне пожалуйста сколько стоит василеостровского студии квартира и где находится
N	центр занятости стоит
Y	алиса сколько стоят обычные тарелки
Y	алиса сколько стоит тетрациклиновая мазь
N	алиса можешь узнать сколько стоит работа мягкой кровли
Y	алиса сколько стоит девяносто пятый бензин
N	аквапарк ярославль цены
N	алиса как доехать от мадрида до севильи сколько цена
N	стоит ли разводиться с женой
N	футболка стоила триста шестьдесят рублей после повышения цены стоит триста семьдесят восемь рублей на сколько процентов была повышена цена на футболку
N	да она ждет стоит
Y	телефон хуавей цена
N	в чем состоит отличие правоотношений от иных общественных отношений
Y	алиса а вот сколько серебро грамм стоит
Y	сколько стоит курский солод
Y	сколько сейчас стоит хлеб белый
N	санкт петербург самарканд авиабилет сколько стоит
N	алиса покажи мне топ пять телефон какой стоит миллион
Y	алиса сколько стоит самсунг галакси а тридцать один
Y	алиса сколько сегодня стоит пиво
Y	сколько стоит фундук
N	сколько сколько стоит частный урок у нижегородского гитариста виртуоза ровшана мамедкулиева один урок сколько у него стоит
N	так а сколько стоит то
N	захватить мир это очень дорого стоит
Y	сколько стоит беспроводная колонка
N	сколько стоит
N	сколько стоит перетянуть диван
Y	сколько стоит галакси зе форд нового поколения
N	если они требуют деньги стоит ли им отдавать
Y	алиса сколько стоит килограмм сыромятины
Y	сколько стоит резина мишлен энерджи двести пять пятьдесят пять эр шестнадцать
Y	алиса сколько стоит одиннадцатый айфон промакс
Y	стоимость препарата норма гост
Y	купить электрический самокат сколько он стоит
N	я хочу как сделать майнкрафт хочу майнкрафт поиграть бесплатно стоит и еще хочу там все версии лаки блоки
Y	самсунг а десять сколько стоит
N	алиса скажи стоимость путевки гоуджекит
N	на какое время стоит будильник
Y	сколько стоит мезим форте двадцать таблеток
Y	мазь жабий камень сколько стоит
Y	комплект с цветным видео домофоном стоимость
Y	нексия део три сколько стоит
N	а как делятся две квартиры пополам в суде по кадастровой или рыночной стоимости
Y	цена жигулевского катализатора
Y	сколько стоит зеркало на автомобиль даф
Y	сколько стоит порошок ариэль тайд бимакс
Y	сколько стоит стартер ниссана икс
N	всеволожск проспект герцена дом сто тридцать два б
Y	цена форсунок ваз двадцать один ноль пятнадцать
Y	аккумуляторы на опель астра цена
Y	сколько стоит телефон самсунг а галакси ноль один
N	сколько стоит колоноскопия в нижнем новгороде
N	тойота хиликс стоимость подержанного авто
Y	сколько стоит windows десять
Y	которая недорого коляски найдите и куклы найдите которые недорого стоят
Y	 сколько стоят пищевые плёнки
Y	цена карбоновой удочки
Y	цена простых дисков на автомашину двадцать один четырнадцать
Y	самсунг галакси а восемьдесят цена
Y	сколько стоит средствл для удаления царапин на авто.Рунемакс
Y	стоимость марки на местное письмо
Y	структум лекарство сколько стоит
Y	сколько стоит электрический прибор нарезать трубную резьбу
N	пермский район сколько стоит в месяц
N	такси до моря сколько будет стоить
Y	цена стоимость имодиума
Y	сколько стоит генератор на шевроле лачетти
Y	алиса сколько стоит единый конвектор
N	алиса какой хуеплет стоит у нас за воротами
N	сколько стоит в белогорске
Y	сколько стоит коньяк ной подарочный в городе владивостоке
N	хоккейные коньки стоили две с половиной тысячи рублей продаются со скидкой тридцать процентов сколько стоят хоккейные коньки со скидкой
Y	алиса сколько стоит отопительный радиатор рифар десять секций
Y	стоит планшет
Y	сколько стоит одна доска дюймовки в петровиче спб
N	стоимость билета поезда чебоксары канаш
Y	сколько стоит селфи палка
Y	цена смартфона хонор восемь а
Y	сколько стоит хуавей восемь п
N	из чего состоит ядро атома
Y	сколько стоит аквариум на сто литров
N	где стоит салонный фильтр ситроен джимпер
Y	стоимость двигателя на мазда цэ икс семь
Y	алиса сколько стоят счетчики в дмитрий
Y	сколько стоит три д развал в ирбите
N	какой памятник стоит на набережной онежского озера в петрозаводске
Y	декстрон три пять литров цена
Y	сколько стоит лампа для маникюра
N	из чего состоит мундштук
N	сколько стоит ауди а четыре
Y	сколько стоит умный телевизор
N	сколько стоит сдать на права на мотоцикл
N	алиса сколько стоят квартиры в новостройке на улице королева один королева три корпус один
Y	алиса духи фаберлик вадим юдашкин стоимость
Y	самокат на батарее сколько стоит
Y	сколько стоит барби мыльные пузыри
Y	фигурки черепашки ниндзя по ценам
N	сколько стоит датчик холостого хода карбюраторной яки
N	сколько времени стоит в духовке горбуша стейки
Y	сколько стоит ингалятор в городе карачаевске
N	скажи такси сколько стоит
N	какие будильники стоят
Y	эссентинорм цена
Y	сколько стоит планшет
Y	цена колонки джибиэль
N	в какую цену в подбельске сбор яблок в садах
Y	сколько стоит одна краска
Y	насос для скважины грунт сто пятнадцати метровый сколько стоит
N	стоит верба у концы села песня
Y	алиса почем стоит телефон самсунг галакси с девять
Y	самсунг с одиннадцать сколько стоит экран
Y	алиса картинки двухъярусных кроватей и сколько они стоят
N	какое слово состоит из двух приставок корня одного суфикса
Y	сколько стоит магнитный конструктор кружочками
Y	алиса мне нужны цены на поликарбонатные теплицы в могилеве
Y	рыболовная кормушка ракета сколько стоит
N	включи песню артур пирожков стоять стоп
Y	алиса скажи сколько стоит лего набор поезд
Y	сколько стоит хонор
N	женщина стоит
Y	сколько стоит сколько стоит эта таблетка
N	алиса кто испортил самую цену картину в мире она стоила двадцать миллионов рублей
Y	сколько стоит гелендваген
N	сколько стоит однокомнатная квартира в казанской области
Y	игра с семь стоимость
N	сколько стоит от куровского до шереметьево
Y	сколько стоит катафот красного цвета на прицеп
N	сколько стоит проехать в минске на платном велосипеде
Y	сколько стоит сруб на новую баню
Y	алиса сколько стоит генератор от тафа девяносто пятого
Y	угловые ванны метр восемьдесят длина показать все цены все виды
Y	холисал цена
Y	анализатор металла цена сколько стоит
N	сколько стоит билет в тофаларию
Y	а сколько карбюратора на скутер стоит
Y	алиса сколько стоит ванна
Y	сколько стоит новый ленд крузер прадо
Y	сколько стоит мазь стелланин
N	сколько стоит балл в пятерочке
N	горячий источник советский цена
Y	сколько стоит хороший видеорегистратор
N	стоимость шевроле камаро
N	сколько стоит растоможить автомобиль с четырехлитровым двигателем из америки
Y	сколько стоит телефон хороший
N	цены на
N	алиса сколько стоит медкомиссия на охранника
N	алтайск прием цветмета стоимость
N	самогонный аппарат цена
N	сколько стоит фото видеосъемка на свадьбу
Y	сколько стоит радиатор на двадцать один ноль девять
N	из чего состоит гидромуфта мерседес двигатель сто четвертый
Y	алиса сколько стоят куколки лол старшие сестры
Y	алиса ацеит двенадцатый цена
N	алиса сколько стоит билет на концерт bts
N	какая зима предстоит в этом году в алтайском крае суровая будет или теплая
Y	ппк рубитекс цена
Y	таблетки азитромицин цена
N	герцена пятьдесят пять
Y	сколько стоит пати бокс в kfc
Y	алиса покажи мне сколько стоит цепочка кон причине двадцать семь грамм
Y	сколько стоит четвертая плойка
N	пластика на веки сколько стоит
Y	цена этих сигарет
Y	экзодерил сколько стоит
N	алиса сайт где есть компьютеры по низким ценам
Y	алиса сколько стоит айфон восемь
Y	алиса сколько стоит одиннадцатый айфон
N	сколько стоит порш кайен с магазина
Y	электросамокат цена
N	сколько сколько стоит килограмм золота
Y	станция алиса где купить сколько стоит
Y	сколько стоят пластиковые окна на балкон
N	герцена пятьдесят пять строение шестьдесят пять
N	как добраться на общественном транспорте от судака до ялты и сколько это стоит
Y	самсунг а десять сколько стоит в самаре
N	алиса стоит ли держать деньги в банке в две тысячи двадцатом году в россии
Y	самсунг а тридцать один цена
Y	кронштейн 476117419501 трактор т-40 цена
N	стоянов и олейников сцена суфлер
Y	сколько стоит бмикс
Y	скейтборд для детей десять лет цена
Y	грунтовка церезит семнадцать цена
N	алиса сколько стоит дом на колесах
Y	сколько стоят таблетки нимика в аптеке
N	стоит ли покупать крышку невыкипайку
Y	впускной коллектор пассат б пять плюс один и восемь цена
Y	ножи мастер шеф цена
Y	алиса применение и цена препарата мельдония
N	смешные цены
Y	алиса сколько стоит гуччи и адидас неподдельные
N	стоимость геодезических работ в новосибирске
Y	сколько стоит умный туалет
Y	четырехтактный лодочный мотор ямаха шестьдесят лошадей цена
Y	цена телефона самсунг ноут двадцать ультра
N	алиса сколько будет билет на самолет стоит с красноярска до москвы
Y	сколько беспроводные наушники стоят
Y	никон зет пять цена
N	так цена
N	зоопарк цены
N	когда сдают общий анализ крови мочи
Y	алиса сколько стоит ламборгини на пульте управления машинка
Y	сколько стоит кварцевая лампа в славянах города урюпинска
Y	сколько стоят часы тиссот
N	сколько стоит куб газа в перми
N	алиса из чего состоит человек
N	сколько стоит подписка на музыку
Y	сколько стоят гидравлические шланги на бульдозер камацу сто пятьдесят пять а пять
Y	оригинальный сигнал на шевроле лачетти цена
N	стоит сейчас это сажать чеснок алиса
Y	стоимость профнастила в глазове
Y	скажи мне сколько стоит томас амфибия фэмили
Y	сколько стоит победитовое сверло на четырнадцать
Y	скажи пожалуйста цену электрошашлычница дельта дл шестьдесят семь ноль один
N	привет алиса
Y	купить коленвал чери амулет цены
N	иж двадцать семь ночной прицел цена
N	санаторий ржд мыс видный цены
Y	энергофлор маты для теплых полов цена
Y	алиса сколько стоит гуччи
Y	самсунг шестьсот тридцатый а цена
Y	цена оригинального провода айфон
Y	сколько стоит пиво
Y	сколько стоит подшипник и чашечка на левую стойку приоры
Y	алиса сколько стоит бемик
N	алиса сколько стоит
Y	крем акридерм цена в великом новгороде
N	гражданский служащий состоит в кадровом резерве каким образом он может быть назначен на вакантную должность гражданской службы
Y	матрасы стронг цена в астрахани
Y	сколько стоит руль
N	какой стиль управления стоит выбрать в соответствии с теории путь цель митчела и хауса
Y	сколько стоит икс бокс ван
Y	сколько стоит этот шуруповерт макита
Y	сколько стоит в городе октябрьском препарат люкрин депо
Y	сколько стоит засапожный нож
Y	цену корма перфикс
Y	сколько стоит гидроуровень
Y	роутер тп линк архер а пятый цена
N	сколько стоит один грамм серебра
N	алиса цены лошадей в липецкой и в липецкой области
Y	гриб трутовик цена
N	ниссан лиф две тысячи пятнадцатый год цена в россии
N	сколько стоит гироскутер в белоруссии
Y	сколько стоит бсз на юпитер пять в сборе
N	стоимость номеров хаят редженси сочи
Y	сколько стоят барабаны на фольксваген поло задний
Y	сколько стоит аполлон для потенции
Y	сколько стоит карбоновый чехол на самсунг галакси а одиннадцать
N	из каких металлов состоит радиатор для пазика
Y	стоимость проктозан
Y	алиса найди мне планшет самый дешевый с ценами
Y	сколько стоит устройство для яндекс дома
Y	алиса сколько стоит умный телевизор
Y	цена поддона кирпичей
N	покажи мне доброцены в тобольске
Y	стоимость сони плейстейшен пять
Y	сколько стоит мейзу ми девять про
Y	сколько стоит соевый воск
Y	алиса показать все вытяжки для газового и сколько они стоят
N	серьезное аниме которые стоит посмотреть
Y	сколько стоит армянский коньяк
Y	купить кардонис в омских аптеках цена
Y	лен джут цена
Y	сколько стоят линзы в нальчике
Y	алиса омник таблетки ближайшая аптека и сколько стоит
Y	стоимость обивочного материала альфа
N	сколько стоит билет от москвы до симферополя на поезде плацкарт
N	алиса когда последний раз поднимались цены билетов
N	характеристика цены и комплектация киа солтес
N	ну слушай алиса покажи нам наше депо какие там трамваи стоят на орском депо
Y	электронный градусник цена
Y	сколько стоит огнетушитель
N	что стоит
Y	сколько примерно стоит одна роза
N	алиса сколько сейчас стоит продать почку
N	цена олимпийского рубля семьдесят седьмого года выпуска
Y	сколько стоят колпаки на газон некст
Y	строительный цветной пеноблок сколько стоит
N	сколько стоит вакуумная газель тормозной вакуум
Y	сколько стоит вива
N	алиса подскажи сколько будет стоить перелет тюмень
Y	тойота авис задняя фара седан сколько стоит
N	курсы массажистов в новокузнецке цена
Y	сколько стоит пылесос робот
Y	сколько стоит тсд honeywell
Y	купить симс сколько он стоит
N	магазины с низкими ценами на мебель в омске
Y	самые наводимые игрушки кот цена
Y	сколько стоит лодочный мотор меркурий пятьдесят
Y	самсунг а пятьдесят один сколько стоит
Y	цена телефона хонор десять и
Y	какая цена на бензин
Y	инструкция и цена капсул фезам
Y	сколько стоит тормозной кран на мтз
Y	алиса цены на двери нива двадцать один двадцать один
Y	алиса сколько стоит крутая бананка
Y	радиатор двадцать один десять сколько стоит
N	сколько стоят твои вещи
Y	коньяк борисфен три года пол литра стоимость
Y	алиса лодочный мотор два и пять хонда цена
Y	индукционный нагреватель цена
Y	сколько стоит умный телевизор
Y	тридцать два диагональ телевизор цена
Y	сколько стоит одна фотография
N	сколько стоят электронные весы на авито
N	у меня много чего нового рассказывать об этом не хочу как обстоят дела у тебя с продвижением технологий
N	картинка со словами мечты сбываются стоит только расхотеть
N	алиса сколько стоит газоблок в крыму
N	где узнать стоимость одного пенсионного балла на сегодняшний день
Y	подскажи ка мне цены на смартфоны самсунг
N	сколько стоит самый дешевый билет с тюмени до надыма на самолет
Y	скажи сколько стоит айфон одиннадцать промакс
Y	цена желтого арбуза
N	сколько стоит заправить баллон аргоном
Y	коляска hartan mercedes benz цена
Y	масляный фильтр рекстон эр икс двести семьдесят цена липецк
Y	скайнет ютипи премиум цена
Y	примерная цена этого лекарства терафлекс
Y	сколько стоит сцепление на газель бизнес двигатель каменс
N	сколько стоит заплатить за развод
Y	направляющая с резинкой мицубиси аутлендер суппорт где стоит
Y	сколько стоит робот пылесос
Y	лада гранта ролл гидравлики сколько стоит
N	средняя цена за квадратный метр в екатеринбурге
Y	сколько стоит седьмой айфон
Y	сколько стоит на рено симбол стойка в калуге
N	сколько стоит тольятти семерка бу
N	навигатор который в программе стоит
Y	цена троксевазина
Y	сколько стоит клей для керамогранита
Y	сколько примерно стоит хонор
N	алиса где открылся новый магазин в темрюке с рукомойниками покажи картинки и цены на них
N	скажите сколько стоит это
Y	стоимость какао несквик большая упаковка
Y	крем мастофит цена
Y	стоимость скутера в россии
Y	сыр король людвиг с ароматом топленого молока бабушкина крынка цена
Y	шевроле ланос двигатель один и пять гидрокомпенсаторы цена
Y	бесщеточный шуруповерт энхель цена
Y	сколько стоит вентилятор
Y	алиса сколько стоит первый айфон
N	стоит ли покупать айфон одиннадцать
N	домодедовский район поселок ивушкино цена
Y	сколько стоит ведро четыре с половиной литра делюкс бинго два
Y	сколько стоят кроссовки изи
Y	сколько стоит умный телевизор включи сказку про зайца алиса где
Y	сколько стоит айфон пять с
N	алиса сколько стоят стеклянные банки двухлитровые трехлитровые в петропавловске в казахстане
Y	сколько стоит мясо кролика
Y	алиса сколько стоит приставка xbox
Y	алиса сколько стоит одестон
Y	сколько он стоит экзодерм
Y	а сколько стоит твоя версия колонкой
N	за стеной стоит стена за стеной стоит она воля несравненная моя
Y	тренажеры стоимость астрахань
Y	алиса сколько стоит dominator srt
Y	алиса привет подскажи пожалуйста сколько стоят таблетки противозачаточные
Y	картана сколько стоит windows
N	изучается из каких значимых частей состоит слово
Y	фонарик на метабо десять и восемь вольт цена
Y	цена передних дверей на ваз двадцать один двенадцать в тобольске
N	включи лучший папа строит железную игрушечную деревянную дорогу
N	сколько стоит юбилейная монета министерства иностранных дел
N	цена яблок в тульской области в городе одоеве оптом
Y	сколько стоит телефон хуавей
Y	цена генератора фишер панда
Y	сколько стоит скутер
Y	алиса стоимость ткр шесть
Y	цена диод по дп два и четыре
Y	колдакт флю плюс цена
Y	ремень грм лада гранта цена
Y	цена резины
Y	колодки на шкода октавия а пять цена
N	сколько стоят новые холодильники в эльдорадо и м видео
N	лаура тула цены на новые машины
Y	сколько стоят камеры наблюдения
N	шампанское боско сколько стоит в метро
N	и кстати на верке на лавине надо стоять и ходить из игры а то ты загоришься
N	как ухаживать за цветком драцена маджента
Y	сколько стоит пионер автомагнитола
Y	алиса сколько стоит головка на восьмиклапанный двигатель
Y	какие бывают виды кимоно и сколько стоят
Y	цены на краску раптор в воронеже
Y	сколько стоит порошок тайд детский
N	алиса сколько стоят услуги няни в подмосковье
Y	сколько стоят помидоры
N	сколько стоит янтарь
N	алиса сколько стоит сто долларов в рублях
N	сколько будет стоить замена передних дисков тормозов
N	сколько стоит гелик
Y	игрушки крутой замес антистресс цена
N	алиса покажи цены на газель будка бу в красноярске
N	алиса скажи пожалуйста на первое сентября до адлера на самолет компания ютера в любое время какая стоимость билетов сколько стоит билет
N	алиса лада веста две тысячи восемнадцатого года комплектация стандарт цена
N	ну тебе стоит потому что ты вообще не знаю кто
Y	цены на шкода рапид
Y	сколько стоит умный телефон
Y	сколько стоит гитара
Y	сколько стоят яблоки нынче
Y	цены на печку в москве
N	хендай грета цена
Y	сколько стоит квадроцикл
Y	сколько стоят узоры для профильного забора валюта гнутые улиточки бублики
Y	стабилизатор цена сколько стоит средняя цена
N	алиса
Y	хонор икс восемь шестьдесят четыре гигабайта цена
Y	сколько стоят осьминоги настоящие
Y	сколько стоит игрушка
Y	сколько стоит рулевая на альфу рейсер
Y	дантинорм цена в казани
Y	противопролежневый матрас беру серия цена
Y	алиса сколько стоит айфон одиннадцатый макс
Y	самые дешевые капли в нос цена
N	сколько стоит заварить
N	цены раз
N	подождала появления кошачий глаз и тогда говори теперь не стоит на нужно подождать когда покажется уши или по крайней мере ходят на ухо через минуту появилась вся голова и она опустилась на землю фламинго стала рассказывать про игру в крокет очень довольна что
Y	палатка на шесть персон цена
Y	треугольники мицубиси каризма цена
Y	цены на швейные машинки зингер
Y	цена самсунг галакси а семьдесят в городе нарьян маре
Y	хуавей тридцать р тридцать про цена
Y	сколько стоит стеллаж
Y	сколько стоит новое лекарство от гриппа
Y	сколько стоит зиртек в таблетках
Y	микрофоллин таблетки цена
N	цены санаторий кругозор кисловодск
N	санаторий аквалоу цены
Y	стоимость устройства цифровой clearblue для определения овуляции
Y	самсунг а двадцать цена и характеристика
Y	самсунг галакси а пятьдесят один цена
Y	золотой женский браслет цены
Y	мужские духи аллигатор цена купить
Y	сколько стоит телефон а десять
N	бисфосфонаты цена
N	сколько сегодня доллар стоит
N	сколько стоит диск колеса на мазду примеси две тысячи второго года
Y	сколько будет стоить голова к бензотриммеру
N	лям цена
Y	цена фигурного бруса кубометра
Y	палка кружок и скакалка ну и цена какая
Y	алиса сколько стоит вольво эф эйч две тысячи восьмого года
Y	стоимость покемона
Y	комплект рестайлинга лексус пятьсот семьдесят цена
Y	инстакс цена
N	а сколько стоит с волгограда поезд до москвы
Y	форд мондео четыре задняя маленькая форточка стоимость
Y	покажи пожалуйста замки мотура цену и модификации какие есть
N	алиса
Y	свечи лонгидаза цена
N	сколько стоит
Y	сколько стоит турбина на тойота хайлюкс
Y	крем невеста сколько стоит
Y	цена дисков сцепления на мотороллер муравей
Y	сколько стоит какао золотой ярлык
Y	а что это у тебя за пиво стоит такое
Y	вазаламин цена
Y	сколько стоит бутылка текилы в магазине
Y	алиса стоимость задних ступичных подшипников на ниссан санни две тысячи первого года
Y	алиса сколько стоит газовая колонка аристон фаст одиннадцать
N	сколько будет стоить отправить посылку с москвы до улан удэ
Y	сколько стоит грелка в аптеках
Y	алиса сколько стоит хонор девять ц
Y	цена на кокосовый субстрат
N	сколько стоит килограмм бутылок
N	замена грм на рено ларгус цена замены за работу
N	алиса
Y	сколько стоит европанель на двадцать один десять в москве
Y	сколько стоит защитное стекло на самсунг галакси
Y	назови цены удочек самых дорогих
Y	сколько стоят часы эп полностью из бриллиантов
Y	сколько стоит испаритель для вейпа винчи
Y	сколько стоит дрон мини кр
Y	стоимость металлочерепицы в рдс
N	на этом стоит пробка
N	алиса сколько подписка стоит
N	launch четыреста тридцать один цена
Y	сколько стоят тормозные колодки на шевроле круз хэтчбек один шесть
Y	цена таблеток омник
N	сколько стоит доверенность на дом
Y	цены на автомобиль калина в москве
Y	самсунг галакси эм тридцать один сколько стоит
Y	колонка jbl цена не оригинальная
Y	алиса средняя цена на берлитион
Y	сколько стоит лобзик в гомеле
Y	сколько стоит фаллоимитатор
N	где на ларгусе стоит дачник ручника
N	алиса
Y	сколько стоит альфон
Y	сколько стоит умный телевизор
N	московский зоопарк билет сколько стоит
Y	сколько стоит гофра на мазду деми
Y	сколько стоит рация
N	алиса какие сигареты стоят до ста рублей
N	а сколько стоит круглосуточная сиделка в самаре
N	сколько будет стоить ремонт потолка на кухне
Y	сколько стоит поршень на восход три м
N	сколько стоит восстановленный айфон семь
Y	айфон четыре зарядник цена
Y	энерджи семь икс цена
Y	цена плитки половой в городе курганинске
N	напечатать текст с рукописного текста цена
Y	сколько стоит нанопрост
Y	сколько стоит айфон шестой
N	привет алиса
N	сколько стоит
Y	дюфалак цена красноярск инструкция
Y	профиль сорок на восемьдесят цена
Y	капли для глаз пролактин цена
Y	выхлопная система дэу матиз купить цена
N	алиса найди мне где стоит андроид новый
N	сколько стоит мерседес моргенштерна
N	алиса сколько стоит доллар
Y	алиса цена польских тапочек
N	минеральная вата плотность семьдесят пять цена
N	новые пожарные машины и цены
Y	бывшие таблетки по копейке от кашля и какая их цена
Y	цена сэндвич панелей и размеры
Y	сколько стоит стартер на меган два две тысячи восьмого года выпуска
N	герцена двести шестьдесят семь
Y	сколько стоит нутелла
N	алиса какие обои у меня стоят на рабочем столе сейчас
N	бессовестно алиса бессовестно врешь
Y	шоколад toblerone виды и цены
Y	сколько стоит энтерофурил
N	цена на ливостор в украине
N	сколько стоит билет на самолет воронеж краснодар
N	один час двадцать минут по пробкам сейчас пробки стоят
Y	электросушилка цена
N	цена путевки в белоруссии
Y	сколько стоит один айфон одиннадцать
N	слушай это вообще как понимаешь кицуне получается шестьсот рублей она стоит
Y	пирометр купить цена
Y	крем клотримазол цена
N	показать цены на барахолке в калининграде
Y	цена проекторов
Y	сколько стоит трюковой самокат
Y	ми десять про цена
N	не понял стоять алиса
N	хозяин участка планирует установить в жилом доме зимнее отопление он рассматривает два варианта электрическое или газовое отопление цена на оборудование и стоимость его установки данные о расходе
Y	алиса цены редми восемь а
Y	сколько стоит бутокс
Y	цены на телефоны самсунг серии а
N	алиса как по английски будет высокая стоимость жизни
Y	сколько стоит айкос в апшеронске
N	алисочка помоги мне пожалуйста разобраться сколько стоит смена младшего медперсонала то есть санитарки в ковидном госпитале в городе находка
N	сколько стоит порш панамера новая
Y	алиса покажи сколько все шоколадки стоят сейчас я расскажу какие
Y	алиса сколько стоят стойки на тойота камри в сороковом кузове
N	килограмм масла стоил двести сорок рублей после продажи цены выросла на одну целую восемь десятых но потом уменьшилась на одну целую девять десятых
Y	каптива пять икс москва сколько стоит
Y	алиса сколько стоит наподобие часов чтобы давление мерить я не знаю как называется сколько он стоит
Y	алиса алиса сколько стоит струна для гитары струны
N	сколько стоит сделать евробалкон
Y	сколько стоит стекло лобовое на газ шестьдесят шесть
N	заказать купить шины в краснодаре по хорошим ценам
N	замена гос номеров в городе набережных челнах стоимость
Y	алиса сколько стоит электрическая мясорубка ротер альфа беларусь
Y	алиса сколько стоит в россии самый большой киндер
Y	цена на икру комсомольск на амуре
Y	заказать чехол на хонор восемь цена
Y	сколько стоит масло черного тмина
Y	сколько стоит сяоми редми восемь т
N	сколько чисел стоит в натуральном ряду между числами двенадцать и пятьдесят шесть
N	смешные цены
Y	цены тянутые гофры для унитаза
Y	моющий пылесос сколько стоит
Y	сколько стоит нутела
Y	сколько стоит компьютер
N	что не стоит
Y	алис сколько стоит четвертая сони
N	Ну вот! В общем... как думаешь, стоит забыть его?
N	инструменты ворх кто производитель характеристики цены
N	с какой стороны на камазе на чулках стоят кольца опорные ужас какой широкий
N	алиса сколько стоит машина майбач под названием экслера
Y	сколько стоит толщиномер для автомобиля
Y	алиса редми ноут семь сколько стоит
N	алиса ты что сегодня выступаешь на цене
Y	сколько стоит гель андрактим
Y	стоимость редукторного стартера на мтз восемьдесят два один
Y	сколько стоит ошейник от блох
N	алиса сколько стоит такси
Y	сварочная проволока ноль восемь цена в кирове
Y	как стоит ремень кондиционера рено логан
N	так помоги мне в задаче кепка стоит сто двадцать шесть рублей перчатки на шестьдесят семь рублей
N	форд фокус две тысячи восьмого года цена
N	алиса
N	сколько стоит
Y	сколько стоит арбидол
N	стоимость установки сигнализации в автомобиль город волгоград
Y	сколько стоит килограмм календулы
N	весь день стоит
Y	а пятьдесят один цена
N	сколько стоит стоянка автомобиля в городе гомеле средняя цена
N	ближайший магазин смешные цены
Y	сколько стоит айфон одиннадцать промакс пятьсот двенадцать гигов
Y	сколько стоит глюкометр без тест полосок
Y	айфон шесть шестьдесят четыре гигабайта цена
N	из чего состоит гидросфера
Y	купить инкубатор цена
Y	алиса сколько стоит эта куртка по фотографии
Y	цена редми ноут девять про макс
Y	сколько стоит приора новая сейчас
N	сколько стоит установки дверь на переходный
Y	сколько стоит десятый айфон
N	сварочный костюм ао нпо энергоконтракт цена
Y	цена клексан
N	построить каркасный дом полтора этажа шесть на шесть цена
Y	сколько стоит катушка зажигания для мотоблока арго
N	в магазине зимой курская продавалась по цене восемь тысяч рублей летом на куртке стала действовать скидка двадцать процентов сколько рублей составляет скидка
N	привет алиса
Y	подскажи пожалуйста сколько стоит уровень лазерный
N	тельмана пятнадцать
Y	сколько стоит батарейка на айфон семь
Y	алиса подскажи пожалуйста сколько будет стоить в аптеке медицинские таблетки орлистат
Y	гусеница на мотособаку цена
Y	гуччи оригинал сколько стоит
Y	деревянная бочка пятьдесят литров цена
Y	скажи сколько стоит один килограмм тушенки
Y	сколько стоит хонор четвертый
Y	телефон редми нот девять его цена
Y	алиса сколько стоит помпа на грузовой автомобиль фав
Y	сколько стоит трехструнная домра
N	бесплатно смотреть проститутки жирновска их стоимость
N	продажа таблеток эдарби свойства показания применение цена
Y	стоимость газовых форсунок
Y	сколько стоит машинка ретона
Y	алиса сколько стоят рычаги нижние на ниссан альмера в сборе
N	стоимость авиабилета павлодар москва
N	стоимость билета из москвы в доминикану
Y	сколько стоит мяч <EOS> сколько стоит мяч
Y	сколько стоит светящиеся клавиатура
Y	алиса сколько стоит электросамокат
N	магазин смешные цены
Y	сколько стоят кроксы
N	алиса скажи мне сколько стоит бмв икс шесть
Y	алиса сколько стоит айфон восьмой
Y	цена доски двадцать пять на сто пятьдесят трехметровая
Y	цена на улп вулкан центробежный
Y	лазерный уровень сколько стоит цена
N	я какой то место стоят пожалуйста покажи
Y	алиса скажи пожалуйста сколько стоит груша в магазинах
N	алиса спортмастер сколько стоят коньки
Y	цена кресла ямагучи
Y	цена мяса кролика
Y	ультразвуковой отпугиватель от карбыша цена купить
N	будем сидеть возле этой цены
Y	сколько цена ноутбуки
N	сколько стоит лунный супер куб
Y	алиса скажи пожалуйста бош лазер сколько стоит уровень
N	еще как стоит ты не голосовой помощник ты ужасный бесполезный помощник
Y	сколько стоит штатная магнитола на дэу нексия
Y	цены шпицев
Y	сколько стоит колонка с голосовым управлением
Y	сколько стоит стойка стабилизатора на форд мондео
Y	сколько стоит батут
N	на каких улицах в питере стоят проститутки
N	сколько стоит обмен обычной родословной для собаки на родословную экспортную
N	где купить янтарную кислоту и сколько она стоит
Y	автодоводчик дверей цена
N	сколько стоит бассейн мира от вирусов
N	сколько стоит аквапарк на люблинской и сколько часов
Y	сколько стоит хендай солярис новый
Y	цена отвода ду семьдесят шесть
Y	сколько будет стоить в краснодаре настольный теннис
Y	сколько сейчас стоят кожаные штаны
N	стоит ли читать книгу потомки солнца
Y	сколько стоит стиральная машинка рексона
N	алиса
Y	скажи может ты знаешь сколько стоят торты рената азанова
N	алиса сколько стоит новый трамвай
N	девочки легкого поведения если на дом сколько будет стоить
Y	сколько стоит нинтендо свитч
Y	алиса препарат мильгамма и заменители сколько стоит
Y	цена инфинити
Y	шуруповерт бош гсп восемьсот три цена
Y	цена мегаджета шестьсот плюс
Y	сколько стоит коньяк кредит
N	а пятьдесят один сколько стоит
Y	сколько стоит булка хлеба
N	сколько стоит водка нефть ноль семь
Y	робот пылесос эм семьсот восемьдесят восемь цена
Y	капли в нос деринат цена в кемерово
N	мастиф цена
N	сколько стоит мопс
N	он у нас стоит за четырнадцать рублей
Y	глюкометр сателлит экспресс в сургуте цена
Y	сколько стоит новая дверь рено логан
N	алиса долго нам еще в пробке стоять
N	не стоит все хорошо
Y	конструктор лего техник который управляется со специальным приложением контроль плюс сколько он стоит
Y	алиса сколько стоит зарядка телефон
Y	алиса сколько стоит бортовой компьютер
N	не надо это сто двадцать два стоит как мне лет стоит
Y	алиса сколько стоят капли для десен
N	стоит сходить за пивом
Y	головка для приоры шестнадцать клапанов цена
N	поехали что стоишь то
N	сколько стоит стиральная машина в днс
Y	сколько стоит промакс один телефон
Y	сколько стоит лист гипсокартона в ельце
Y	сколько стоит смартфон самсунг галакси а семьдесят
N	личная стенка растительной клетки состоит из
Y	цена кардиомагнила в городе сальске
Y	стоимость фольксвагена пассат цц
N	цена тойота ленд краузера
Y	я тоже а как ты думаешь самая дешевая помада сколько она будет стоить
N	что будет стоить дождя
Y	цена пижамы виктория сикрет
N	сколько стоит renault arkana
Y	сколько стоит мукалтин
N	лодка пвх в белоруссии ее цена
N	сколько стоит вагон кокаина
Y	сколько сейчас стоит айфон одиннадцать
Y	галакси а тридцать один цена
Y	алиса сколько стоит самсунг галакси с семь
Y	алиса сколько стоит галакси а девять
Y	дипроспан цена
Y	сколько стоит арбидол
N	индийские деньги сколько стоит на рубль
N	тонна щебня в новосибирске цена
Y	сколько стоит яшка мороженого
N	алиса сколько стоит ухо
N	я поздравляю но стоит ли пить на ночь чай
N	сколько стоит не могу сказать это было очень давно
N	сколько стоит хонор восемь с в саранске мтс
Y	сколько стоит аккумулятор на мазду фамилию
Y	сколько стоит нутрилак смесь молочная
N	кем создана локальная технология суть которой состоит в том что к зрительным и моторным анализаторам участвующим в усвоении детьми написания букв добавляются тактильные анализаторы
N	алиса сколько будет стоить выкопать картошку шесть семь соток
N	скажите пожалуйста сколько стоит услуга один час за уход за больным
N	алиса
Y	скажи пожалуйста сколько стоит настольная посудомойка
N	привет алиса
N	скажи пожалуйста если печеные стоит что мужику делать помоги пожалуйста
Y	дюфалак для детей инструкция цена
Y	сколько стоит гептрал в таблетках
N	павлов посад герцена пять
Y	сколько стоит гель лак
Y	цена капсул троксевазин
Y	какие цены на трактор русич тэ пятнадцать
N	алиса из чего состоит текст
Y	а кофе сколько стоит
Y	рубанок электрический интерскол цена
Y	сколько стоит call of duty четыре на икс бокс триста шестьдесят
Y	сколько стоит покрышка с камерой для мотоблока на шестнадцать размер
Y	сколько стоит колонка с алисой
Y	сколько минимум должен стоить хороший трюковой самокат
Y	сколько стоит форсунка на ваз двадцать один десять восьмиклапанная
N	сколько стоит билет на поезде на самолете до москвы от петербурга
N	алиса сколько икра черная стоит на сахалине
Y	сколько стоит костюм с подсветкой
Y	самсунг транспорант сколько стоит
N	сколько стоит билет от москвы на поезде до нижнего новгорода
N	и цены на детали да наверно
N	сколько стоит золото
Y	алиса сколько стоит скейт
Y	сколько стоит тебе лего наборы танца
N	сколько будет стоить экспертиза печати в трудовой книжке в ульяновской области
Y	сколько стоит эта сумка
N	канатная дорога на воробьевых горах стоимость
Y	сколько стоят школьные пеналы
Y	сколько стоит дрон бабочка
Y	головка для газели сорок два шестнадцать стоимость
Y	сколько стоит энергоаккумулятор на камаз
N	привезла на такси большой дом для котят и целую коробку корма до сих пор у нас в подвале стоит можете пойти проверить
Y	алиса подскажи сколько стоит во всех магазинах велосипед с электродвижком в морозовске
Y	тойота прадо бензонасос стоимость
Y	станок для печати футболок цена
Y	алиса сколько стоит рисовальный планшет
N	сколько рублей стоит тысяча машин
Y	сколько стоит водяная помпа
N	цены симбернары щенки
N	алиса скажи мне пожалуйста из москвы в аэропорт внуково и азербайджан и сколько стоит билет
N	торговый дом риф цены на зерно
Y	алиса айфон восемь сколько стоит
Y	сколько стоит препарат теппеки
Y	цена айфон 8+
Y	сколько стоит клавиатура с подсветкой
N	нет алиса скажи пожалуйста сколько будет стоить альбом оружие великой победы монета двадцать пять рублей
Y	алиса сколько стоит сип панель
Y	самсунг галакси а семьдесят один цена
Y	ульяновск сколько стоит самая дешевая батарея
Y	сколько стоит миноксидил в аптеке ростова на дону
N	блет росия и тачикиста самолёт сколко стоит
Y	окей гугл сколько стоит манометр для измерения давления топлива
N	где стоят амортизаторы в стиральной машине видео
Y	массажное кресло ямагучи цена
Y	новое оригинальное крыло фольксваген поло цена
Y	гель для ног лошадиная сила цена
Y	три д принтер сколько стоит заказать
Y	сколько стоит унитаз
Y	сколько стоит рулевая колонка на рено логан
N	когда стоит принять первую таблетку противозачаточных таблеток новинет
N	определите цену деления амперметра если пределы измерения от нуля до трех мили а на шкале семьдесят пять делений
N	сколько стоит зеленый светло оранжевые машины
Y	привет скажи пожалуйста сколько стоит ведро маслят
Y	стеклоподъемник жигули стоимость
N	сколько стоит прошкурить бревно внутри дома в московской области
Y	какова стоимость препарата прамипексол
N	сколько стоит один киловатт энергии электроэнергии в сочи
N	ранним утром в лесу стоит необычная тишина
N	старинные восемнадцатом веке часы сколько стоит
Y	матрас татами токио цена
Y	сколько стоит самсунг галакси двенадцать ультра
N	порно видео фильм как девочка легла в постель к отцу и почувствовала его стоячий хуй девочка так возбудилась что начала сосать и разговаривать дай мне пососать папочка я хочу трахаться с тобой
Y	часы солярис сколько стоят
N	давай давай давай у меня тут во дворе где моя машина стоит а ты невидимка
Y	сколько стоит беговая дорожка на ночь
N	сколько стоит мужские документы пересдавать
Y	сколько алиса скажи сколько стоит мешок смеси короед в армавире
Y	бош перфоратор сколько стоит
Y	алиса сколько стоит клавиатура новая
N	привет алиса
Y	сколько стоит моторчик для электросамоката
Y	галакси самсунг пятьдесят один сколько стоит
Y	алиса сколько стоит айфон десять
N	алиса сколько стоит в магнит косметике крем эвелин
Y	сколько стоит маленький баннер
Y	сколько стоит поршневая группа для двигателя один и восемь опель инсигния
Y	часы ролекс цена
Y	скажи самсунг галакси а восемьдесят сколько стоит в магазине
Y	гидроизол цена
N	сколько стоит страховка на тойота рав четыре пятнадцатого года сто восемьдесят лошадиных сил
Y	сколько стоит последний набор миньонов лего
Y	алиса сколько стоит пижама пикачу
Y	алиса покажи мне пенни борды сколько стоят
Y	сколько стоит лист осп
Y	сколько стоит хонор девять икс
Y	сколько стоит хонор восемь а про
N	алиса такси с китая до думана сколько будет стоить
Y	капельница сколько стоит
Y	стоимость провода трехжильный на полтора киловатта пгу
Y	алиса найди в интернете сколько стоит зубная щетка электрическая орал би
N	стоит на месте не может съехать
Y	багажник туле авантис девятьсот цена купить
Y	сколько стоит передняя эмблема лексуса
Y	сколько стоит бассейн в ульяновске
Y	сколько стоит лего сказочный патруль и царевны играть чтобы лего
N	герцена тринадцать
Y	алиса а сколько стоит скейт
N	тумин стоимость путевки
Y	алиса картинки сколько стоит обручальное с настоящим брюликом кольцо
Y	алиса сколько стоит вибромассажер в минске
Y	цена внутренней гранаты ваз двадцать один четырнадцать
Y	мягкое стекло стоимость
Y	индометацин цена
Y	цены на джинсы врангель спб
Y	сколько стоит колонка умный дом
N	сейчас он только пока буквы стоит потом вычитать препинания будешь ставить запятая светло серому журавлю крылья и стал он нет запятую на ну слушай время идет
Y	стоимость колодок ниссан санни
Y	алиса скажи пожалуйста сколько стоит комплекс витамины минеральных веществ от а до зн
Y	алиса покажи цену чехол к xiaomi
Y	алиса сколько стоит телефон самсунг а пятьдесят
N	сколько стоит на москве
Y	сколько стоит квадроцикл
Y	лодка пвх купить в ростове цена
N	что такое формула стоимости
Y	стоимость рейки форд фокус два
N	сколько стоит билет из таджикистана в данное время
Y	стоимость осушителя для подвала
Y	сколько стоит трос
N	сколько примерно стоит комната в городе москве по улице буракова
N	петропавловск камчатский семейная корзинка цены на водки
Y	сколько стоит приставка
N	сколько стоит мейн кун
Y	сколько стоит букет цветов в таганроге
Y	сколько стоит самсунг галакси джи два кор
Y	сколько стоит аккумулятор
Y	порошок аэртал цена
Y	цена простамол уно
Y	сколько стоит honor девять lite в данный момент
Y	сколько стоит смесь симилак
Y	сколько стоит рейсмус
Y	алиса скажи духи которые сколько стоят
N	в магазине проходит акция покупая три коробки конфет четвертую коробку покупатель получает в подарок какое наибольшее число коробок конфет может приобрести покупатель на две тысячи пятьсот рублей во время этой акции если одна коробка конфет стоит двести
Y	сколько стоит катушка зажигания на хендай солярис
Y	хуавей нова пять т цена
Y	алиса сколько стоят солевые батарейки в курске
N	алиса троечка зачем стоит в конце предложения
Y	что за лекарство циклоферон сколько стоит
N	макароны там стоит этот
Y	нокиа с два цена
Y	цена мерседеса белый
Y	iphone одиннадцать pro max цена
Y	алиса сколько стоит айфон одиннадцатый
N	хендай соната сколько стоит
N	напиши стоимость рендж ровера трехдверного
Y	цены на нутриевую шубу пятьдесят второго размера
Y	сколько стоит свекольная копалка старого образца
N	вы что стоим пошли в лес за грибами
Y	сколько стоит зимняя куртка louis vuitton
Y	ролики тридцать четвертого размера сколько стоит
Y	пылесос керхер сорок ноль два с е цена
N	купить квартиру в новостройке город петрозаводск цена четырехкомнатной квартиры
Y	сколько стоит одиннадцатый айфон про макс
Y	почем стоит airpods
Y	какие цены на скейтборд в питере
N	как выглядит электрический самокат сколько он стоит
N	конечно стоит посмотри
N	где стоят в ростове проститутки
N	а у него не стоит
Y	сколько стоит карта памяти на семь гигабайт
Y	цена медной двадцать восьмой трубы
Y	оригинальные наушники на айфон семь цена
N	стоимость шампиньонов в фуд сити
Y	алиса сколько стоят таблетки мизопростол
N	стар цена в аптеке белоруссии
Y	препарат итразол сколько стоит и от чего
Y	спирива ингаляции для астмы какая будет стоимость
N	каберголин инструкция по применению и цена
Y	сколько стоит бетасерк двадцать четыре миллиграмма
Y	скажи пожалуйста стоимость бензина девяносто второго
Y	задняя балка на форд цена
Y	сколько стоит картошка в липецкой области
Y	випросал б стоимость
Y	алиса сколько стоит восьми гиговая карта памяти в городе самара
Y	стоимость бруса
N	лада гранта две тысячи двадцатого года магнитофон к ней сенсорный или какой есть цена
N	герцена двенадцать корпус три
N	сколько стоит новый фольксваген поло
Y	алиса какая цена колючей проволоки
Y	сколько стоит робот пылесос
Y	сколько стоит сало
N	стоимость квартир в строительной фирме ренессанс на улице дыбенко восемь
Y	где купить ртутный градусник и какая цена
N	сколько стоит умный ты посмотрите
Y	цена на хонор восемь икс
Y	сколько стоит маленький фотоаппарат для детей
Y	алиса сколько стоит ароматизатор xiaomi
Y	сколько стоит деревянная горка для детей
Y	цена одеколона рафам
Y	насос нша на газ пятьдесят три цена
Y	алиса сколько стоит телефон хаммер
N	из чего состоит термометр
Y	айфон семь плюс цена
N	стоматологические материалы цены
Y	сколько стоят аквариумы показать
N	сколько стоит чистка диванов
Y	сколько стоит телефон самсунг а пятьдесят один
Y	рено аркана цена
N	на квартире стоит тысяча восемьсот
Y	алиса скажи сколько стоит сим карта
N	сауна тысяча сто две четыреста час цена номера четыре тысячи шесть тысяч ночь
Y	сколько стоит глютаминовая кислота и где она продается
N	алиса цена авиабилета в ялту
Y	сколько стоит мужская туалетная вода водка
N	сколько стоит такси котельники зеленоград
Y	лиотон гель сколько стоит
Y	алиса сколько стоят кегли
Y	цены на ножи показать gipfel
N	сколько стоит
Y	цена лобзика зубр пятьсот семьдесят средняя
Y	сколько стоит playstation четыре
N	алиса
Y	алиса сколько маленький плате планшет стоит
N	алиса алиса в курсе истории ты изучал родительский и феодальное общество в чем стоит главные различия между ними в каждой из четырех рассмотренных в этом графе общества
Y	а сколько стоит шампанское ариадна
N	алиса
N	хозмаркет абакан банки цены
Y	сколько стоит маска балаклава
N	алиса большом где гаи стоит
Y	сколько стоят маленькие скейты для пальцев
Y	сколько стоит диск мтз задний
Y	сколько стоит пижама кенгуру панда
Y	велик который делает трюки сколько он стоит
N	сколько стоит
N	сколько стоит телефон хуавей шесть в пи
Y	хот вилс трек стоимость
Y	сколько стоит газовый котел гу в магазине
N	а сколько они стоят
Y	алиса сколько печка стоит
Y	сколько стоят сигареты век
Y	сколько стоит сурикат
Y	цена на съемные протезы мягкие в ижевске
Y	сколько стоит милдронат
N	привет алиса
Y	алиса скажи сколько стоит артерио в аптеках
Y	лонгидаза цена
N	установить септик в уссурийске сколько это будет стоить
N	сколько стоит юань на сегодняшний день
Y	стоимость бронепроводов на газель
N	определенно стоит
N	сколько стоит взрослый мопс
Y	цены в ростове на полипропиленовые бассейны размеры фото видео
Y	обманка под ляду на катализатор для газели цена
Y	алиса сколько стоит морозильная камера в бийске
Y	сколько стоит посуда
Y	платье невесты сколько стоит
N	сколько будет стоить ремонт или замена стекла на самсунг галакси а тридцать с
Y	алиса покажи какие и сколько стоят сейчас тумбочки для детей для девочек
Y	финиш для посудомоечной машины цена
N	сколько стоит один пенсионный балл
Y	сколько стоят страусиные яйца
Y	джойстик на газель бизнес цена
Y	алиса сколько стоит самокат лимит ноль один про скутер
N	сколько стоит киловатт электроэнергии в москве
Y	цена костылей пенза
Y	сколько стоит сцепление в сборе на киа рио
Y	алиса сколько стоит казан на четырнадцать литров
N	сколько стоит мультик кубик
Y	расскажи мне сколько стоит хондроксид мазь
Y	сколько стоят свечи простатилен
Y	сколько стоит держатель для телефона на автомобиль
Y	сколько стоит игрушка роблокс
Y	сколько стоит зажигалка зиппо
Y	а сколько стоят трусы
Y	найди нам интерактивную игрушку единорога сколько стоит
Y	самсунг галакси а двадцать один с стоимость
N	ему задают вопросы о вале кто стоит за дверью валя или
N	сколько стоит билет в аквапарк алушты
Y	спальные гарнитуры ульяновск цена
Y	масло амаранта цена
N	алиса сколько стоит слиток золота
Y	сколько стоит перфоратор макита
Y	электрическая газонокосилка цена
Y	сколько стоит айфон двенадцатый
Y	сколько будет стоить компьютер
N	сколько стоит аккумулятор на
Y	сколько стоит хонор девять икс
N	яндекс бюджета сколько стоит
N	какой памятник в москве стоит георгию победоносцу или дмитрия донского
N	алиса таганский парк сколько стоит
N	алиса
N	алиса стоят ли менты возле магазина
Y	сколько стоит playstation четыре
N	алиса сколько стоит прием врача лфк в городе екатеринбурге
Y	микодерил средство от грибка цена
Y	счетная камера цена
Y	алиса подвижные куклы барби сколько они стоят
N	алиса скажи сколько стоит авиабилет москва севастополь
Y	алиса сколько стоит пеноплекс
N	слабое повреждение плечевого сустава операция стоимость
Y	сколько стоит микромакс
Y	мне нужна цена сони бравиа пятьдесят пять и восемь тысяч пять
Y	большое сиденье стоимость
N	сколько стоит микрофон шестьсот шестьдесят девять в беларуси
Y	сколько стоит умный телевизор
N	по какой цене россия продает казахстану бензин
Y	пламегаситель на коллектор для хендай солярис сколько стоит
N	цена шезлонга на пляже в коктебеле
Y	мовалис цена
Y	сколько стоит пятый айфон
N	алиса найди сколько стоит в новоалтайске норм беби
N	сколько стоит штукатурить фигурные откосы
N	алиса сколько стоят щенки хаски
Y	кашкай один и шесть катушка зажигания цена
Y	сколько стоит новый электроусилитель руля на автомобиль lada
N	метро домодедово расстояние до аэропорта сколько стоит
N	алиса сколько сейчас стоит один евро
Y	скажи сколько стоит приставка
Y	Samsung galaxy a51 сколько стоит
Y	защитный полуавтомат в электросети цена в барнауле
Y	самсунг а восемь две тысячи девятнадцать цена
Y	высокие кольца тридцатый диаметр на планку вивера цена
N	для остекления веранды требуется заказать семьдесят одинаковых стекол в одной из трех фирм площадь каждого стекла ноль целых двадцать пять метров в квадрате в таблице приведены цены на стекло и нарезку стекла сколько будет стоить самый дешевый заказ
N	купить картошку в белгородской области чернянский район цены оптом
N	алиса
N	извини меня за беспокойство но скажи пожалуйста время сколько стоит
Y	сколько стоит комбинил глазные капли
N	алиса стоимость в семикаракорске железных труб диаметром сорок
N	сколько стоит ключ от пдд
Y	скажи пожалуйста сколько стоит пачка сигарет пал мал
Y	цена nissan murano
N	алиса подскажи пожалуйста сколько в туле стоит один кубометр воды
Y	купить рабицу цена
N	привет алиса скажи пожалуйста где сейчас стоит машина с прививками от гриппа
Y	термопанели цена
N	образовательная деятельность состоит из следующих этапов
N	тетрадь дешевле ручки но дороже карандаша что дороже из данных предметов обозначь цену каждого предмета отрезком нарисуй схему и проверь свой ответ
Y	сколько стоит пимафуцин
Y	сколько стоит умный телевизор
Y	алиса скажи мне пожалуйста сколько стоит пачка сигарет ротманс дыня
Y	сколько стоит сколько стоит газон некст
N	тюмень новый уренгой сколько стоит билет
N	сколько стоит выравнивание участка
Y	сколько стоит килограмм муки
N	видишь где стоит насос
Y	алиса сколько стоит медвежья шкура на пол
Y	сколько стоит фиолентовский миксер
N	ацц его стоимость дубна
N	ну купи себе планшет что он дорого стоит
Y	алиса сколько стоит самый дешевый айкос
Y	сколько стоит электрический самокат
N	сколько стоит башня абу даби
N	сколько стоит
Y	алиса сколько стоит айфон семь плюс город королев
Y	покажи мне сколько стоит жесткий диск видео
Y	стоимость электросамоката
Y	лекарство и цены
Y	сколько стоит озерный малек форели в брянске
N	найти отели гостиницы в санкт петербурге стоимостью до трех тысяч
Y	закаточная машина цена
N	да посмотри там такой топ элисон как стоит
Y	цена айфон одиннадцать про
N	фильм великолепный век сцены когда умирает султан
N	алиса какие задачи состоит из географии
N	так определить цена деления шкалы измерительного прибора
Y	рыночная цена картошки за килограмм в новокузнецке
Y	айфон четыре сколько цена
N	где залечивают лобовые стекла цена
N	где стоит датчик температуры ваз двадцать один ноль семь
N	сколько стоит квадратный метр отделки под короеда
Y	алиса сколько стоят наушники с usb по саратовской области
Y	сколько стоит жемчужины лима артезианская вода шесть литров
Y	сколько стоят конфеты чук и гек
Y	смесь нестожен сколько стоит в каких магазинах продается
Y	рулевая рейка тойота ланд краузер двести цена
Y	венок на похороны цена
Y	триммер цены во владимире
N	сколько стоит редми семь нот в связном
N	сколько стоит доехать на такси с самары до зеленовки
Y	сколько стоит новый телефон самсунг
N	где стоит кондиционер на тойоте кастер
N	куплю хендай солярис заднее крыло правый и левый сколько стоит
Y	алиса сколько стоит магнелис б шесть
Y	iphone одиннадцать pro max сколько стоит
Y	сколько колонка стоит
N	найти характеристику оптимизма как вы думаете в чем состоит отличие силикона от составной представительной
N	в интернете найдите прибор для измерения артериального давления тонометр механический определите цену деления шкалы в каких единицах измеряют артериальное давление
N	герцена восемьдесят семь а
N	сын стоят ухода ебать
Y	стоимость ампулы ботокса в нижнем новгороде
Y	сколько стоит коробок спичек
N	алиса привет цоя стоит дом стоит
Y	сколько стоит Яндекс станция
Y	алиса бетономешалка сколько стоит
Y	алиса сколько стоит телефон с тридцать
Y	сколько стоит станция яндекс алиса
Y	алиса сколько стоит бензобак на ваз двадцать один один
Y	сколько стоит лпс
Y	хендай соната под две тысячи четвертый год подшипник задней ступицы цена
N	купить щебень вентиля цена
N	рация настройки фм должен стоять или ам
Y	алиса скажи сколько деньги айфон пять цена
Y	покажи мне смартфоны самсунг семьсот пятьдесят и цены
Y	сколько стоит экзодол
Y	самсунг а шестьдесят сколько стоит
Y	сколько стоит амиксин
Y	сколько стоит хайвей
N	сколько стоит доллар
N	сколько стоит
Y	цена гусятницы
Y	сколько стоит книга о чем молчат ангелы
