,id,transcribation text,text
0,0,أليسا ممكن تشغلين محمد رمضان؟,أليسا ممكن تشغلين محمد رمضان
1,1,الإسراء,الإسراء
2,2,,أليس شغلي لي الاغنيه الي فيها كلام عن الام الطفله شهد العميري
3,3,شغلي لي أغنية رومانسية الحين.,شغلي لي اغنيه رومانسيه ذحين
4,4, أليس شغلي لي أغنيه رومانسيه.,أليس شغلي لي اغاني رومانسيه
5,5,أليسا إنت معلم وحنا منك نتعلَّم,أليسا انت معلم و احنا منك نتعلم
6,6,أليسا ممكن أغنية عن الأرق؟,أليسا ممكن أغنيه عن الارق
7,7,شغلي أغنية معلش لحمزة نمرة.,شغلي اغنيه معلش لحمزه نمره
8,8,أليسا شغلي أشهر أغنية عام ألفين وثنين.,أليس شغلي لي اشهر اغنيه عام الفين واثنين
9,9,أليسا أبي أغاني عبدالحليم حافظ.,أليس ابي اغاني عبد الحليم حافظ
10,10,أليسا إطربيني على أغنية بين العصر والمغرب.,أليس اطربيني علي اغنيه بين العصر والمغرب
11,11,أليسا شغلي الموسيقى اللي تعجبني.,أليس شغلي الموسيقي التي تعجبني
12,12,أليسا,أليس
13,13,أليس شغلي حقت اصالة طلبتك لا تحاكيني عن ايامك ولا ذكراك ومدري ايش,أليس شغلي حقت اصاله طلبتك لا تحاكيني عن ايامك ولا ذكراك ومدري ايش
14,14,أليسا شغليلي أغنية محمد رمضان نمبر ون.,أليسا شغلي لي اغنيه محمد رمضان نمبر ون
15,15,أليسا لو سمحتي شغلي أغنية مشهورة.,أليسا لوسمحتي شغلي اغنيه مشهوره
16,16,أطربي أذني بأشهر أغنية من عام ألف وتسعمية وتسعة وتسعين.,اطربي اذني باشهر اغنيه من عام الف وتسعميه وتسعه وستين
17,17,أليسا,آل سعود
18,18,أليسا شغليلي يوم ورا يوم,أليسا شغليي لي يوم ورا يوم
19,19,أليسا شغلي موسيقى عمر دياب,أليس شغليي موسيقي عمر دياب
20,20,"أليسا ودي اليوم انطرب بأغنيه مثل النسيم الساكن حقت نوال، شغليها",أليسا ودي اليوم انطرب باغنيه مثل النسيم الساكن حقت نوال شغليها لي
21,21,شغلي اجدد اغنية لمطربنا محمد رمضان,شغلي اجدد اغنيه لمطربنا محمد رمضان
22,22,أليس نشيد السيره النبويه للصغارين,أليسا نشيد السيره النبويه للصغارين
23,23,نادي السد القطر.,نادي السد القطر
24,24,أليسا أبي أغنية لأختي الصغيرة.,أليس ابي اغنيه لاختي الصغيره
25,25,أليسا لو سمحتي شغلي موسيقى للفنانة فيروز.,أليس لوسمحتي شغلي موسيقي الفنانه فيروز
26,26,أليسا وش اسمي؟,أليسا وش اسمي
27,27,,أليسا احلفي
28,28,أليسا شغلي أغاني خطوبة.,أليسا شغلي لي اغاني خطوبه
29,29,أليسا شغلي سورة النور عبدالله غيلان.,أليس شغلي سوره النور لعبدالله غيلان
30,30,أليسا,أليسا
31,31,شغليلي أغاني جزائرية على ذوقك.,شغلي لي اغنيه جزائريه علي ذوقك
32,32,أليسا حطيلي أغاني مشهورة من التسعينات.,أليسا حطي لي اغاني مشهوره من التسعينات
33,33,أليسا سمعيني أغنية على بابي واقف قمرين.,أليسا سمعيني اغنيه علي بابي واقف قمرين
34,34,أليسا أبى اسمع أغنية ون لوف حقت فرقه بلو ,أليس ابغي اسمع اغنيه ون لوف حقت فرقه بلو
35,35,أليسا وقفي.,أليس وقفي
36,36,أليسا شغليلي أغنية تزعل وأراضيك للعامري.,أليسا شغلي لي اغنيه تزعل واراظيك للعامري
37,37,"أليس شغلي لي أغنيه مسلسل لوكاسا دوبابيل، ودي احفظها.",أليس شغلي لي اغنيه مسلسل لوكاسا دوبابيل ودي احفظها
38,38,أليسا شغلي أغنية اللي فيها مقطع فكروني.,أليسا شغلي اغنيه اللي فيها مقطع فكروني
39,39,شغلي نشيد اقبل العيد,دام اقبل العيد شغلي نشيد العيد اقبل
40,40,أليسا مشتاق أسمع أغنية حب خالد افتحيها لي وخلها تتكرر.,أليس مشتاقه اسمع اغنيه الحب خالد افتحيها لي وخلها تتكرر
41,41,أليس شغلي لي احاديث قدسية,أليس شغلي لي احاديث قدسيه
42,42,سمعيني أحسن أغاني هيفا وهبي.,سمعيني احسن اغاني هيفا وهبي
43,43,أليس شغلي أغنية ناسيني ليه.,أليس شغلي اغنيه ناسيني ليه
44,44,ماسكة معي اليوم أغاني دبكة شغليلي أغنية درج يا غزالي.,ماسكه معي اليوم أغاني دبكه شغلي لي اغنيه درج ياغزالي
45,45,أليس سمعيني سورة الحزاب بصوت ياسر الدوسري.,أليس سمعيني سوره الأحزاب بصوت ياسر الدوسري
46,46,أليس اطربيني باغنيه مذهله وخلها تتكرر طول الوقت.,أليس اطربيني باغنيه مذهله وخلها تتكر طول الوقت
47,47,أليسا شغليلي أغاني أطفال.,أليسا شغلي لي اغاني للاطفال
48,48,أليسا شغلي أغنية تروقني,أليس شغلي لي اغنيه تروقني
49,49,ودي أسمع أغنية الشهير,ودي اسمع أغنيه الشهير
50,50,,أليس ابغي اسمع اغنيه عالدبكه وفيني لنوال الزغبي
51,51,أليس كل يوم جمعة صحيني الساعة عشرة عشان اتجهز لصلاة الجمعة,أليسا كل يوم جمعه صحيني الساعه عشره عشان اتجهز لصلاه الجمعه
52,52,أليسا عيدي,أليسا عيده
53,53,أليس ذكريني اكل حبوبي الساعه خمسه العصر ,أليسا بتبدئي تطقي الباب الساعه خمس الصبح
54,54,أليسا شغلي لي أغنيه الأماكن ,أليسا شغلي لي اغنيه الاماكن
55,55,أليسا شغلي كرتون صاني بونيز,أليسا شغلي كرتون صاني بونيز
56,56,أليسا سمعيني آخر أغنية برازيلية مشهورة.,أليسا سمعيني آخر اغنيه برازيليه مشهوره
57,57,أليسا ودي أسمع الأغنية الهندية لشاروخان كشمير.,أليسا ودي اسمع الاغنيه الهنديه لشاروخان كشمير
58,58,أليسا شغلي أغنية ليلة عمر,أليس شغلي اغنيه ليله عمر
59,59,سمعيني قصة علي بابا والأربعين حرامي.,سمعيني قصه علي بابا والأربعين حرامي
60,60,أليس شغلي لي اغاني حفلة جاستن بيبر اللي بجده ,أليس شغلي لي اغاني حفله جستن بيبر اللي بجده
61,61,أليس اطربيني بأغاني اوكورديون ,أليسا اطربيني باغاني اوكورديون
62,62,ذكريني الساعه ثمنيه ونص اطلع الملابس من الغساله.,ذكريني الساعه ثمنيه ونص اطلع الملابس من الغساله
63,63,أليسا شغلي آخر أغنية لسيا.,أليس شغلي اخر اغنيه لسيا
64,64,أليسا أبغى أسمع قصة علي بابا,أليس ابغي اسمع قصه علي بابا
65,65,أليسا عطيني أغنية صباح الصباح.,أليسا عطني اغنيه صباح الصباح
66,66,,أليس اغنيه
67,67,أليسا ودي اسمع اغنية لكتب ع وراق الشجر ,أليسا ودي اسمع اغنيه لكتب ع وراق الشجر
68,68,أليسا تكفين أغنية قلب قلب لمحمد السالم,أليسا تكفين اغنيه قلب قلب لمحمد السالم
69,69,الإسراء.,الإسراء
70,70,أليسا شغليلي مكس أجنبي حماسي,أليسا شغلي لي مكس اجنبي حماسي
71,71,أليس سمعيني اغنيه ماتيجي هنا ,أليس سمعيني اغنيه ماتيجي هنا
72,72,أليس سمعيني أغنيه لفرقه تيك ذات ,أليس سمعيني اغنيه لفرقه تيك ذات
73,73,أليسا سمعيني أنشودة حزينة.,أليسا سمعيني شيلات حزينه
74,74,أليسا مين مارادونا؟,أليسا مين مارادونا
75,75,أليسا شغليلي أغنية نفسي أحبك لأنغام.,أليسا شغلي لي اغنيه نفسي احبك لانغام
76,76,"مبطين عن عباس إبراهيم، شغلي لي أغنيه ربيع العمر بصوته.",مبطين عن عباس إبراهيم شغلي لي اغنيه ربيع العمر بصوته
77,77,شغلي لي  اغنية شيرين بتقول فيها كل ما اسمع كلامك ودي اسمعها,شغلي لي اغنيه شيرين بتقول فيها كل ما اسمع كلامك ودي اسمعها
78,78,أليسا سمعيني أغنية تخت شرقي.,أليس سمعيني أغنيه تخت شرقي
79,79,شغليلي أدعية دخول المسجد.,شغلي لي ادعيه دخول المسجد
80,80,أليس اطربيني بأغنيه كويتيه أصيله من التسعينات على ذوقك,أليس اطربيني باغنيه كويتيه اصيله من التسعينات علي ذوقك
81,81,أليسا شغلي لي اغنية تحسسني بالويكيند,أليسا شغلي لي اغنيه تحسسني بالويكيند
82,82,أليس شغلي الالبوم اللي محددته كامل,أليس شغلي الالبوم اللي محددته كامل
83,83,أليس مزاجي المغرم يبي يسمع اشوى انك حبيبي,أليس مزاجي المغرم يبي يسمع اشوي انك حبيبي
84,84,أعطيني أغنية بلاش عتاب.,عطني اغنيه بلاش عتاب
85,85,أليسا,أليس
86,86,أليسا تقدري تسمعيني أغاني - أغنية الدنيا حلوة لنانسي عجرم؟,أليسا تقدري تسمعيني اغنيه الدنيا حلوه لنانسي عجرم
87,87,أليس قوميني بكرة زي العادة الساعة تسعة ونص وإذا ما قمت إرجعي قوميني.,أليس قوميني بكره زي العاده الساعه تسع ونص واذا ماقمت ارجعي قوميني بعدها بعشر دقايق
88,88,طفي نص المنبهات اللي محطوطه على الساعه خمسه الصبح ,طفئي نص المنبهات اللي محطوطه علي الساعه خمسه الصبح
89,89,أليسا شغلي هذي الأغنية.,أليسا شغلي هذي الاغنيه
90,90,أليسا وش الأغنية اللي فيها حبيب الروح؟,أليسا وش الاغنيه اللي فيه حبيب الروح
91,91,أليس؟؟,أليسا ابي قصه هاري بوتر صوتيه
92,92,أليسا صحيني كل يوم الساعه ثمنيه الصبح الا يوم الجمعه تراها اجازتي,أليسا صحيني كل يوم الساعه ثمنيه الصبح الا يوم الجمعه تراها اجازتي
93,93,قوليلي قصة خرافية.,قولي لي قصه خرافيه
94,94,أليس المود على القديم سمعيني طلال مداح,أليس المود علي القديم سمعيني طلال مداح
95,95,أليسا,أليسا
96,96,أليس أطربيني على أغنية قبل لا أعرفك.,أليس اطربيني علي اغنيه قبل اعرفك
97,97,أليسا عمر المطر نشيد لمحمد العبدالله شغليها ,أليسا عمر المطرنشيد لمحمد العبدالله شغليها
98,98,أليسا إيه,أليس ايه
99,99,أليسا شغلي هذا المقطع من هذي الأغنية.,أليسا شغلي هذا المقطع من هذي الاغنيه
100,100,أليس يمديكي تجيبي أغاني أسمهان ,أليس يمديك تجيبين اغاني اسمهان
101,101,أليسا شغلي لي أغنية الملكة الراقصة ,أليسا شغلي لي اغنيه الملكه الراقصه
102,102,الإسراء ,الإسراء
103,103,أليسا سمعيني الأغنية اللي بتقول ناسيني ليه لتامر حسني ,أليسا سمعيني الاغنيه اللي بتقول ناسيني ليه لتامر حسني
104,104,أليس أبي أسمع آخر أغنية تريند في التيك توك ,أليس ابي اسمع آخر اغنيه ترند في التيك توك
105,105,أليس اطربني بأغنية أم كلثوم فكروني ,أليس اطربيني باغنيه ام كلثوم فكروني
106,106,أليس ودي نحفظ سوره القمر شغليها لنا بصوت رعد الكردي,أليس ودي نحفظ سوره القمر خنشغلها بصوت رعد الكردي
107,107,أليس سورة فاطر بجزء إثنين وعشرين شغليها لي ,أليس سوره فاطر بجزء ثنين وعشرين شغليها لي
108,108,أليسا أبي أسمع أغاني بوب ,أليسا ابي اسمع اغاني بوب
109,109,أليس شغلي أغنية للمطربة فيروز ,أليسا شغلي اغنيه للمطربه فيروز
110,110,أليس شغلي قصة سندريلا ,أليس شغلي قصه ساندريلا
111,111,أليس شغلي آخر أغنية لسيا ,أليس شغلي اخر اغنيه لسيا
112,112,أليسا وش الأغنية اللي فيها حبيب الروح ,أليسا وش الاغنيه اللي فيه حبيب الروح
113,113,أليسا ذكريات الطفولة رجعت أبي أغنية عهد الأصدقاء ,أليسا ذكريات الطفوله رجعت ابي اغنيه عهد الأصدقاء
114,114,أليس شغلي قصة عقلة الإصبع ,أليس شغلي قصه عقله الاصبع
115,115,أليسا شغلي لي أشهر أغنية عام ألفين وأربع طعش ,أليسا شغلي لي اشهر اغنيه عام الفين واربعطعش
116,116,أليسا شيرين يا شيرين شغلي لها أي أغنية ,أليسا شيرين يا شيرين شغلي لها اي اغنيه
117,117,إطربيني بأغاني عبدالله الراشد القديمة ,اطربيني بأغاني عبدالله الرويشد القديمه
118,118,إليسا إطربيني على أغنية أيام الشتا ,أليسا اطربيني علي اغنيه ايام الشتي
119,119,أليسا؟؟,أليس وقفي
120,120,أليس أبغى أغنية غريبة مرة ,أليس ابغي أغنيه غريبه مره
121,121,أليس ودي أسمع أغنية محمد منير والكون كله يدور ,أليس ودي اسمع اغنيه محمد منير والكون كله يدور
122,122,أليسا خاطري أسمع شيلات,أليسا خاطري اسمع شيلات
123,123,,ذكريني اليوم الساعه خمسه وعشرين دقيقه احرك
124,124,أليسا شغلي موسيقى هادية ,أليسا شغلي موسيقي هاديه
125,125,أليسا شغلي أغاني للفنان ,أليسا شغلي أغاني للفنان
126,126,أليسا ذكريني بكرة الساعة عشرة ونص عندي إجتماع في الشركة ,أليسا ذكريني بكره الساعه عشره ونص عندي اجتماع في الشركه
127,127,أليسا الأغنية اللي بعدها ,أليسا الاغنيه اللي بعدها
128,128,أليس كيف الجو بكرة بجدة ,أليس كيف الجو بكره بجده
129,129,أليسا أطربيني على أغاني من جلسات طربية ,أليس اطربيني علي اغاني من جلسات طربيه
130,130,أبغى أغنية مايكل جاكسون ,أبغي أغنيه مايكل جاكسون
131,131,أليس تكفين ودي أسمع أغنية لا تستغرب لأنغام ,أليس تكفين ودي اسمع اغنيه لا تستغرب لانغام
132,132,شغلي أغنية الخيل ,شغلي اغنيه الخيل
133,133,أليسا شغلي ؟؟؟,أليسا شغلي المنبه عالساعه ثنعش الصباح عشان أهني صديقتي بيوم ميلادها
134,134,أليس شغلي ألبوم المغني تامر حسني ,أليس شغلي البوم مغني ثامر حسني
135,135,أليس شغلي لي يا خذا بالنواصي ,أليس شغلي لي يا خذا بالنواصي
136,136,قولي لي قصة ما قبل النوم ,قوليلي قصه ما قبل النوم
137,137,شغلي أغاني بوب ,شغلي اغاني بوب
138,138,أليس شغلي أغنية فات الميعاد ,أليسا شغلي اغنيه فات الميعاد
139,139,أليس ,أليس
140,140,أليس دوري أغنية ها ها ها ها ,أليس دوري اغنيه ها ها ها ها
141,141,أليسا شغلي المنبه من الساعة عشرة إلا عشر إلى الساعة تسعة إلا عشر ,أليسا شغلي المنبه من الساعه عشر الا عشر الي الساعه تسعه الا عشر
142,142,أليس موسيقى راب,أليس موسيقي راب
143,143,أليسا صباح الخير حطي لي أغنية لطيفة رايقة ,أليسا صباح الخير حطي لي اغنيه لطيفه رايقه
144,144,أليس وش توقعات حالة الجو اليوم ,أليس وش توقعات حاله الجو اليوم
145,145,أليس شغلي لي أغنيتي المفضلة رقم واحد ,أليس شغلي اغنيتي المفضله رقم واحد
146,146,أليس سمعيني أغاني نبيل شعيب ,أليس سمعيني اغاني نبيل شعيل
147,147,شغلي أغنية المقطع: أمي أنتِ أحلى مافي الدنيا ,شغلي اغنيه المقطع امي انت احلي ما في الدنيا
148,148,أليس ,أليس
149,149,أليسا شغلي أغاني ؟ ,أليسا شغلي اغاني نانسي عجرم
150,150,أليسا سمعيني أغنية حكاية طفل لحمزة نمرة ,أليسا سمعيني اغنيه حكايه طفل لحمزه نمره
151,151,أليس ابي أسمع للمطرب عبدالوهاب,أليس أبغي أسمع للمطرب عبد الوهاب
152,152,أليس إعجاب,أليس اعجاب
153,153,أليس حلم بعيد تنعشني شغليها لي,أليس حلم بعيد تنعشني شغليها لي
154,154,"أليس، حلو الله يعطيك العافه",أليس حلو الله يعطيك العافيه
155,155,أليس شغلي أخصمك آه,أليسا شغلي اغنيه اخاصمك اه
156,156,أليس وقفي المنبه,أليس وقفي المنبه
157,157,"أليس، شغلي أغاني راب",أليس شغلي اغاني راب
158,158,أليس سمعيني يا ناس أحبه لأصيل هميم,أليس سمعيني ياناس احبه لاصيل هميم
159,159,"إليسا، قوقل قصة السنديباد",أليس غوغل قصه السندباد
160,160,"أليس، وبكره؟",أليس و بكره
161,161,وش قاعده تسوي؟,وش قاعده تسوي
162,162,"أليس، شغلي أغاني زواج",أليس شغلي لي اغاني زواج
163,163,أليس أحتاج أغاني زواجات,أليسا احتاج اغاني ليوم ميلاد
164,164,شغلي أغنية تامر حسني نفس النهايه,شغلي اغنيه قبل خطوه من النهايه
165,165,أليس شغلي أغاني مطربتي المفضلة,أليس شغلي اغاني مطربتي المفضله
166,166,أليس أدور في أغاني ماجد المهندس,أليس أدور في أغاني ماجد المهندس
167,167,"إليسا، شغلي",أليسا شغلي
168,168,"أليس، ذكريني الساعة تسعة في الليل أدق عالمندوب",أليسا ذكريني الساعه تسعه في الليل ادق علي المندوب
169,169,"أليس، شغليلي أحاديث قدسية",أليس شغلي لي احاديث قدسيه
170,170,"أليسا، سمعيني شيلات هادية",أليسا سمعيني شيلات هاديه
171,171,أليس يختي فرحينا بأغنية صفاء أبو السعود العيد فرحة,أليس ياختي فرحنا باغنيه صفاء أبو السعود العيد فرحه
172,172,,أليس سمعيني ياجماعه كيف مافيكم حميه بدون موسيقي
173,173,"أليس، أغاني كلاسيكية",أليس أغاني كلاسيكيه
174,174,"أليس، سمعيني ياناس أحبه لأصيل هميم",أليس سمعيني يناس احبه لاصيل هميم
175,175,أبي اليوم أغاني أجنبي شغليلي أي شي لجاستين بيبر,ابي اليوم أغاني اجنبي شغلي لي أي شي لجاستن بيبر
176,176,طفيلي المنبه بكره,في منبه لبكره
177,177,أليسا وقفي,أليس وقفي
178,178,"أليسا، سمعيني أغنية معقول الغرام",أليسا سمعيني اغنيه معقول الغرام
179,179,"أليس، سمعيني القرآن كامل بصوت المنشاوي",أليس سمعيني القران كامل بصوت المنشاوي
180,180,"أليس، سمعيني حزين عالمود",أليس سمعيني حزين عالمود
181,181,"أليسا، شغليلي الحب الحقيقي",أليسا شغلي الحب الحقيقي
182,182,"أليس، لو سمحتي شغلي قصتي الخيالية",أليسا لوسمحتي شغلي قصتي الخياليه
183,183,متى عيد ميلادك؟,متي عيد ميلادك
184,184,"أليس، تتوقعي تمطر اليوم أو بكره؟",أليس تتوقعي تمطر اليوم أو بكره
185,185,أليس,أليس
186,186,"أليس، قصص الأطفال",أليس قصص الاطفال
187,187,أليس,أليسا
188,188,شغلي قصة ذهب,شغلي قصه ذهب
189,189,سمعيني أغاني مايا دياب,سمعيني اغاني مايا دياب
190,190,no speech ,سمعيني اغاني كاوه بو الامريكيه
191,191,"أليس، أبي أغنية يابختي فيك",أليس ابي اغنيه يا بختي فيك
192,192,"أليسا، أجل تعلم",أليسا أجل تعلم
193,193,"أليسا، شغلي موسيقى كلاسيكية",أليسا شغلي موسيقي كلاسيكيه
194,194,"أليسا، وقفي",أليسا وقفي
195,195,أليس,أليس
196,196,غنيلي أغاني هادية ورومانسية,شغلي لي اغاني هاديه ورومانسيه
197,197,"أليس، شغليلي أغنية حزينه اللي احبها واسمعها كثير",أليس شغلي اغنيه حزينه اللي بحبها و بسمعها كثير
198,198,"أليس, إفتحيلي موقع الكرة",أليس افتحي لي موقع الكوره
199,199,"أليس، أزين أغنيه للمطربة شاديه",أليس أزين أغاني المطربه شاديه
200,200,أليس شغلي أغنية سو يا سو حبيبي حبسو,أليس شغلي اغنيه سو يا سو حبيبي حبسوه
201,201,أليسا اطربيني وشغلي أغاني لنجوى كرم ,أليسا اطربيني وشغلي اغاني لنجوي كرم
202,202,أليسا طفي المنبه,أليس طفئي المنبه
203,203,أليسا حطيلي مطربي المفضل,أليس حطلي مطربي المفضل
204,204,أليسا أغاني الشاب حسني,أليسا أغاني الشاب حسني
205,205,أليسا صباح الخير حطيلي أغنية حلوه رايقة,أليسا صباح الخير حطي لي اغنيه لطيفه رايقه
206,206,أبغى اسمع أغنية يا رايحين الحرم,ابغي اسمع اغنيه ياريحين الحرم
207,207,أليسا أقول شغلي أغنية ثامن عجيبة,أليس اقول شغلي اغنيه ثامن عجيبه
208,208,أليس شغلي نشيد الدعوه مزح وطقطقة,أليس شغلي نشيد الدعوه مزح وطقطقه
209,209,شغلي لي أغنية عبادي الجوهر الحزينة,شغلي لي اغنيه عبادي الجوهر الحزينه
210,210,أليسا اليوم رايقة شغلي لي الدنيا حلوه,أليسا اليوم رايقه شغلي لي الدنيا حلوه
211,211,الإسراء,الإسراء
212,212,شغلي لي أغنية غدارة يا دنيا,شغلي لي اغنيه غداره يا دنيا
213,213,أليسا اطربي أذني بأغنية ليزو الأخيرة,أليسا اطربي اذني باغنيه ليزو الاخيره
214,214,شغلي أغنيتي المفضلة what وات,شغلي اغنيتي المفضله
215,215,الفنانة رقم واحد اللي أحبها,الفنانه رقم واحد اللي احبها
216,216,أليس قصص قبل النوم للأطفال,أليس قصص قبل النوم للاطفال
217,217,بيكمل اليوم الحلو لو تشغلين لي الحين أحلى من العقد لباسه,بيكمل اليوم الحلو لو تشغلي لي الحين احلي من العقد لباسه
218,218,أليسا شغلي لي نانسي عجرم,أليسا شغلي نانسي عجرم
219,219,أليس حطي أغنية حبيبي تعال على اليوتيوب,أليسا حطي اغنيه حبيبي تعال عاليوتيوب
220,220,أليس ابغى أغنية تغير جوي ,أليس ابغي اغنيه تغير جوي
221,221,أليسا علي صوتك شوي,أليسا علي صوتك شوي
222,222,أليس شغلي لي أكثر أغنيه مشهورة لفرقة بلاك بينك,أليس شغلي لي اكثر اغنيه مشهوره لفرقه بلاك بينك
223,223,أليسا قديم كنت اسمع عن المنشد عيد سعود شغلي له شي بالله ,أليسا قديم كنت اسمع عن المنشد عيد سعود شغلي له شي بالله
224,224,أليسا مع السلامة,أليسا مع السلامه
225,225,أليسا أبي أسمع أغنية مسرعة ,أليس أبي أسمع أغنيه مسرعه
226,226,أليسا شغليلي أغاني طرب,أليسا شغلي لي اغاني طرب
227,227,أليسا شغلي بتونس بيك,أليس شغلي بتونس بيك
228,228,أليس,أليس
229,229,"أليس  ناشبه في مخي من الصبح أغنية روان كان ياماكان، شغليها لي.",أليسا ناشبه في مخي من الصبح اغنيه روان كان ياماكان شغليها لي
230,230,أليس شغلي أغاني فضل شاكر,أليس شغلي اغاني فضل شاكر
231,231,أليس سمعيني أغاني عربية... غربية okay أوكي ,أليس سمعيني اغاني غربيه
232,232,"أليس ما أعرف أرقص إلا على أغنيه سليّم سليّم، شغليها خنتنكس شوي.",أليسا ما اعرف ارقص الا علي اغنيه سليم سليم شغليها خنتنكس شوي
233,233,أليسا يلا خلنا نهيأ,أليسا يلا خلنا هيا
234,234,أليسا تكفين لو تسمعين .. لو تسمعيني لمحمد عبده أغنية أحبك,أليسا تكفين لو تسمعيني لمحمد عبده اغنيه احبك
235,235,أليس شغلي كل أغاني هيفاء وهبي اللي عندي بالجوال.,أليس شغلي لي كل أغاني هيفاء وهبي اللي عندي بالجوال
236,236,أليس,أليس
237,237,أليس شغلي كيفك أنت,أليس شغلي كيفك انت
238,238,أليس أبي قصة السنافر,أليس ابي قصه السنافر
239,239,أليسا اطربيني على أغنية قومي رقصي,أليس اطربيني علي اغنيه قومي رقصي
240,240,أبي أغاني طرب,ابي اغاني طرب
241,241,أليس اللحين حزة معقول مانعود أحباب شغليها,أليس اللحين حزه معقول مانعود احباب شغليها
242,242,أليسا كم الصوت الحين,أليسا كم الصوت الحين
243,243,أليسا,أليس
244,244,أليس شغلي الألبوم الأخير لعمرو دياب,أليس شغلي الالبوم الاخير ل عمرو دياب
245,245,أليسا شغلي أغنيه حسين الجسمي بالبنط العريض.,أليسا شغلي اغنيه حسين الجسمي بالبنط العريض
246,246,أليسا شغلي قصة قصيرة تناسب الأطفال,أليسا شغلي قصه قصيره تناسب الاطفال
247,247,أليسا نبي نروق على الشعبيات أبو نوره,أليسا نبي نروق علي شعبيات أبو نوره
248,248,أليسا شغلي لي موسيقى أغنية بيبي شارك ,أليسا شغلي موسيقي اغنيه بيبي شارك
249,249,أليس أغنية صارت ترند الحين ,أليسا سمعيني أغنيه صارت ترند الحين
250,250,سمعيني حطي أغنيه هالأسمراني حقت قناة غنوه,اسمعي حطي اغنيه هالاسمراني حقت قناه غنوه
251,251,أليس حطيلي أغنية طربية يمنية على مزاجك,أليسا حطي لي اغنيه طربيه يمنيه علي مزاجك
252,252, ,آل سعود
253,253,أليس شغلي لي نشيدة هادية ,أليس شغلي لي نشيده هاديه
254,254,أليس تكفين أغنية أنا وياك لزياد برجي,أليس تكفين اغنيه انا وياك لزياد برجي
255,255,أطربيني على أغنية أخيرا قالها ,اطربيني علي اغنيه اخيرا قالها
256,256,أليسا اغنية هاو دو يو نو ثات يو لاف هير,أليسا اغنيه هاو دو يو نو ثات يو لاف هير
257,257,أليس هلا صيحيني بالله,أليسا هلا صيحيني بالله
258,258,أليس شغلي لي آخر أغنية لفيفتي سينت ( Fifty Cent ),أليس شغلي لي آخر اغنيه لفيفتي سنت
259,259,ودي أسمع أغنية البارحة لجابر الكاسر ,ودي اسمع اغنيه البارحه لجابر الكاسر
260,260,أليس أغنية شفت لحسين الجسمي,أليس اغنيه شفت لحسين الجسمي
261,261,No Speech/Unclearأليسا ,أليس ابغي موسيقي راييقه مره
262,262,أليسا سمعيني أغنية محمد المازم أبعد وخليني ,أليس سمعيني اغنيه محمد المازم ابعد وخليني
263,263,أليسا ودي أسمع أغنية حبيبي يا ليارا,أليسا ودي اسمع اغنيه حبيبي يا ليارا
264,264,أليس شغلي مسيطرة ,أليس شغلي مسيطره
265,265,أليس دوري لي برنامج عمرو أديب في قناة إم بي سي مصر ,أليس دوري لي برنامج عمرو اديب في قناه ام بي سي مصر
266,266,أليس مشكلني حقت راشد شغليها بالله ,أليس مشكلني حقت راشد شغليها بالله
267,267,أليس شلون أتواصل معك؟,أليس شلون اتواصل معاك
268,268,أليس خاطري بأغاني قديمة شغلي لي أغنية يالتاكسي,أليس خاطري باغاني قديمه شغلي لي اغنيه يالتاكسي
269,269,أليسا أحلى الليالي اللي تبدأ بأغنية ليلة لو باقي ليلة ,أليسا احلي الليالي اللي تبدأ باغنيه ليله لو باقي ليله
270,270,أليس شغلي أغاني شيرين.,أليس شغلي اغاني شيرين
271,271,أليس اليوم الجمعة ودنا نسمع نشيد صلى عليك الله ,أليسا اليوم الجمعه ودنا نسمع نشيد صلي عليك الله
272,272,أليس شغلي الأغنية اللي فيها أنا وأنت مافيش حاقة ناقصة ,أليس شغلي لي الاغنيه اللي فيها انا وانت ما فيش حاجه ناقصه
273,273,أليس شغلي سعد المجرد,أليس شغلي سعد المجرد
274,274,أليسا أنتِ متصلة بالنت؟ ,أليسا انت متصله بالنت
275,275,أليسا عطينا أغنية لأنغام,أليس عطنا اغنيه لانغام
276,276,أليسا أطربيني على أغنية بدنا نولع الجو ,أليسا اطربيني علي اغنيه بدنا نولع الجو
277,277,أليس أدور عن قصص قبل النوم,أليس أدور عن قصص قبل النوم
278,278,أليس سمعيني أغنية حبيبي على نياته ,أليس سمعيني اغنيه حبيبي علي نياته
279,279,شغلي ألبوم شيرين عبدالوهاب ,شغلي البوم شيرين عبد الوهاب
280,280,أليسا ما يحتاج,أليسا مايحتاج
281,281,أليسا شغلي أغنية أنت معلم ,أليس شغلي اغنيه انت معلم
282,282,أليس سمعينا أغنية شيرين الجديدة,أليس سمعيني اغنيه شيرين الجديده
283,283,أليسا أطربيني بأحسن الأغاني لألفين وستة  ,أليسا اطربيني باحسن اغاني الفين وسته
284,284,أليس أبي أسمع أغنية طرب أصيل ,أليس ابي اسمع اغنيه طرب اصيل
285,285,ذكريني الساعة تسعة بالليل أدق على المندوب,ذكريني الساعه تسعه في الليل ادق علي المندوب
286,286,أليس شغلي قنوات التلفزيون ,أليس شغلي قنوات التلفزيون
287,287,أليس ماسكة معي اليوم أغنية والله وطلع لك ريش بصوت موضي الشمراني شغليها ليا,أليس ماسكه معي اليوم اغنيه والله وطلعلك ريش بصوت موضي الشمراني شغليها لي
288,288,أليس تكفين سمعيني أغنية مصطفى كامل حلوة حياتي,أليس تكفين سمعيني اغنيه مصطفي كامل حلوه حياتي
289,289,أليس شغلي لي أحاديث قدسية ,أليس شغلي لي احاديث قدسيه
290,290,أليسا شغلي لي سيرة الرسول ,أليسا شغلي لي سيره الرسول
291,291,أليس شغلي قصة قاطع الخيزران,أليس شغلي قصه قاطع الخيزران
292,292,أليسا ,الإسراء
293,293,أليسا تكفين أغنية عطوه جوه لنبيل شعيل,أليسا تكفين اغنيه عطوه جوه لنبيل شعيل
294,294,أليسا الله لو تشغلين لي آلمتني بالعود يا خير الورى بدون موسيقا,أليسا الله لو تشغلي آلمتني بالعود ياخير الوري بدون موسيقي
295,295,أليس شغلي الست يا حبيبي خلينا ننطرب,أليس شغلي الست يا حبيبي خلينا ننطرب
296,296,أليس كيف أشغل النت؟,أليس كيف اشغل النت
297,297,شغلي ألبوم عمرو دياب الجديد ,شغلي البوم عمر دياب الجديد
298,298,أليسا شغلي أغنية بلا حب بلا وجع قلب حقت راشد الماجد,أليس شغلي لي اغنيه بلاحب بلاوجع قلب حقت راشد الماجد
299,299,أليس أبي أسمع أغنية هبلت بالناس لعلي بن محمد,أليس ابي اسمع اغنيه هبلت بالناس لعلي بن محمد
300,300,أليس شغلي حكاية علاء الدين,أليس شغلي حكايه علاء الدين
301,301,أليس ابي أغنية لأختي الصغيرة,أليس ابي اغنيه لاختي الصغيره
302,302,أليسا تكفين حطيلي أغنية فضل شاكر معقول ,أليسا تكفين حطي لي اغنيه فضل شاكر معقول
303,303,أليسا مشتاقة لصوت أليسا شغليلي أغنية حالة حب,أليسا مشتاقه لصوت أليسا شغلي لي اغنيه حاله حب
304,304,أليسا أطربيني بأغنية نانسي عجرم عم بتعلق فيك ,أليسا اطربيني باغنيه نانسي عجرم عم بتعلق فيك
305,305,شغلي أغنية أبن مصر,شغلي اغنيه ابن مصر
306,306,أليسا ابي أغاني تامر حسني ,أليسا ابي اغاني لتامر حسني
307,307,أليسا شغلي أغاني أطفال,أليسا شغلي اغاني اطفال
308,308,شغلي أغنيه عوافي حقت ابو حمدان يقولون صايرة ترند الاغنية,شغلي اغنيه عوافي حقت أبو حمدان يقولون صايره ترند الاغنيه
309,309,أليسا ذكريني بعد نص ساعة أشيك عالغسيل,أليسا ذكريني بعد نص ساعه اشيك علي الغسيل
310,310,ودي أسمع أغنية ياناس لمحمد سالم,ودي اسمع اغنيه يا ناس لمحمد سالم
311,311,أليسا شغلي الأغنيه اللي حاطه عليها علامة قائمتي المفضلة,أليسا شغلي الاغنيه اللي حاطه عليها علامه بقائمتي المفضله
312,312,أليس طفي كل التنبيهات,أليس طفئي كل التنبيهات
313,313,شغلي المغنية بياف,شغلي المغنيه بياف
314,314,أليسا إهدي شوية,أليسا اهدئي شويه
315,315,أليسا شغلي أغنية البوم جستن بيبر,أليس شغلي اغنيه البوم جاستن بيبر
316,316,أليسا شغليلي أغاني حفلة جستن بيبر اللي بجدة,أليس شغلي لي اغاني حفله جستن بيبر اللي بجده
317,317,أليسا أربعة إلا عشر,أليسا اربعه الا عشر
318,318,افتحي صفحة قوقل,افتحي صفحه قوقل
319,319,أليسا سمعيني ياناس أحبه لأصيل هميم,أليسا سمعيني يناس احبه لاصيل هميم
320,320,أليس,أليس
321,321,أليس شغلي الألبوم الأخير لعمرو دياب,أليس شغلي الالبوم الاخير ل عمرو دياب
322,322,أليس شغليلي كيبوب عشوائية,أليس شغلي لي كي بوب عشوائيه
323,323,أليس سمعيني أغنيه محمود هلال يا عاشقين,أليس سمعيني اغنيه محمود هلال يا عاشقين
324,324,أليس تكفين قوليلي نكتة,أليسا تكفين قوليلي نكته
325,325,ابي أسمع أغاني لعبدالمجيد عبدالله من حفل هلا فبراير,ابي اسمع اغاني لعبد المجيد عبدالله من حفل هلا فبراير
326,326,أليس شغلي قصة زمردة. ,أليس شغلي قصه سندباد
327,327,أليسا قصص و حكاية الأميرة والشرير ,أليسا قصص وحكايات الاميره والشرير
328,328,أليسا اطربيني بالأغنية اللي عليها اعلى لايكات ,أليسا اطربيني باغنيه فيروز شو بخاف
329,329,أليس شغليلي اليوم ويمكن تقولي يانفسي أنك سعيدة توصف جوي. ,أليس شغلي لي واليوم يمكن تقولي يا نفسي إنك سعيده توصف جوي
330,330,أليسا وش اسمي؟,أليسا وش اسمي
331,331,ابي أسمع موسيقى شعبية دندنة على العود مثلاً ,ابي اسمع موسيقي شعبيه دندنه علي العود مثلا
332,332,أليس شغلي أنشودة تعبت اسولفلك وأنا ماتكلمت,أليس شغلي انشوده تعبت اسولف لك وانا ماتكلمت
333,333,أليس بخاطري اسمع شي حزين شغليلي أغنية ناس الزمان,أليس خاطري اسمع شي حزين شغلي لي اغنيه مات الزمان
334,334,أليس عيدي قائمة الأغاني المفضلة,أليس عيدي قائمه الاغاني المفضله
335,335,أليس ذكريني الساعة ثمانية ونص أطلّع الملابس من الغسالة,أليس ذكريني الساعه ثمنيه ونص اطلع الملابس من الغساله
336,336,ابي أشهر أغنية لفرقة البيتلز  (Beatles),ابي اشهر اغنيه لفرقه البيتلز
337,337,أليس أطربيني بإغنية خذني حبيبي لماجدة الرومي,أليس اطربيني باغنيه خذني حبيبي لماجده الرومي
338,338,أليسا قوليلي قصص قبل النوم,أليس شغلي قصص لقبل النوم
339,339,أليسا شوفيلي قصة عن السفر و شغليها,أليسا شوفي لي قصه عن السفر وشغلها
340,340,أليس,أليس
341,341,أليس شغلي رقم ثمانية وثلاثين,أليس شغلي رقم ثمانيه وثلاثين
342,342,زودي الصوت شوية,زودي الصوت شوي
343,343,شغليلي آخر أغاني الأسطورة ابو عبدو,شغلي لي آخر اغاني الاسطوره ابو عبده
344,344,أليس شغليلي أغاني الهيب هوب,أليس شغلي اغاني لام كلثوم
345,345,أليسا شغلي حب الرسول للكحلاوي,أليسا شغلي حب الرسول للكحلاوي
346,346,شغليلي أغاني تامر حسني ,شغلي لي اغاني تامر حسني
347,347,العيساوية ,العيساويه
348,348,أليس شغلي أنا الأبيض لراشد الماجد,أليسا شغلي انا الابيض لراشد الماجد
349,349,آل سعود ,آل سعود
350,350,أليس حطيلي أغنية طربية يمنية على مزاجك,أليسا حطي لي اغنيه طربيه يمنيه علي مزاجك
351,351,أليس شغلي صباح الصباح ,أليسا شغلي صباح الصباح
352,352,أليس أطربيني بأغنية شرقية ,أليس اطربيني باغنيه شرقيه
353,353,أليسا تكفين حطيلي أغنية فضل شاكر معقول ,أليسا تكفين حطي لي اغنيه فضل شاكر معقول
354,354,شغلي الموسيقى ,شغلي الموسيقي
355,355,أليسا  كيف كانت درجة الحرة اليوم ؟ ,أليسا كيف كانت درجه الحراره اليوم
356,356,أليسا سمعينا أغنية غريبة الناس ,أليسا سمعيني اغنيه غريبه الناس
357,357,أليس شغلي أغنية تسلم الأيادي ,أليس شغلي اغنيه تسلم الايادي
358,358,No Speech/Unclear,أليس شغلي موسيقي حقت روك
359,359,أليس تقدري تسمعيني أغنية الدنيا حلوة لنانسي عجرم ؟,أليس تقدري تسمعني اغنيه الدنيا حلوه لنانسي عجرم
360,360,أليس قوليلي قصة أطفال ,أليسا قولي لي قصه للأطفال
361,361,أليسا وقفي ,أليسا وقفي
362,362,أليسا شغلي لي أغاني طرب ,أليسا شغلي لي اغاني طرب
363,363,أليس أبغى أسمع شي هادي قبل أنام ,أليس ابي اسمع شي هادي قبل أنام
364,364,شغلي أغنية مشاعل بنت أبوي ودي أهايط على صديقاتي شوي ,شغلي اغنيه مشاعل بنت ابوي ودي اهايط علي صديقاتي شوي
365,365,شغلي عزف موسيقى أغنية كان عنا طاحون ,شغلي عزف موسيقي اغنيه كان عنا طاحون
366,366,أليس شغلي أغنية فات الميعاد ,أليسا شغلي اغنيه فات الميعاد
367,367,أليسا شغليلي اللستة الثانية اللي فيها المغني اللي أحبه ,أليسا شغلي اللسته الثانيه اللي فيها المغني اللي احبه
368,368,أليس سمعيني أغنية محمود هلال يا عاشقين ,أليس سمعيني اغنيه محمود هلال يا عاشقين
369,369,أليس شلون ذا المنبه يشتغل ؟,أليسا شلون ذا المنبه يشتغل
370,370,أليس شغلي أغنية المطرب شمعون ,أليس شغلي اغنيه المطرب شمعون
371,371,أليس سمعيني قصة للأطفال ,أليس سمعيني قصه للاطفال
372,372,أليس شغليلي أكثر أغنية أحبها ,أليس شغلي اكثر اغنيه احبها
373,373,أليس شغليلي وأنت معاي الدنيا ملك أيديني مدري أديّا,أليس شغلي لي وانت معايا الدنيا ملك يديني مدري ايديا
374,374,أليس اليوم جوي أجنبي شغليلي أغنية هلو اتز مي hello its me حقت أديل ,أليسا اليوم جوي اجنبي شغلي لي اغنيه هلو اتز مي حقت اديل
375,375,أليس تكفين شغليلي أغنية باعتني الدنيا سميرة سعيد ,أليس تكفين شغلي لي اغنيه لهتني الدنيا لسميره سعيد
376,376,أليس  شغلي خلص حنانك ,أليس يا عمه شغلي خلص حنانك
377,377,أليس حطيلي أغنية أتحدى العالم حقت صابر الرباعي ,أليسا حطي لي اغنيه اتحدي العالم حقت صابر الرباعي
378,378,سمعيني نشيد شوفوها شوفوها هذي السعودية ,سمعيني نشيد شوفوها شوفها هذي السعوديه
379,379,أليس كم عشرة زايد عشرة ؟,أليس كم عشره زائد عشره
380,380,أليسا شغلي أي أغنية من أغاني زين حقت العيد كلها حلوة مايفرق ,أليسا شغلي أي اغنيه من أغاني زين حقت العيد كلها حلوه مايفرق
381,381,أليسا شغلي أغاني بزران شغلي أغاني أطفال شغلي أغاني للعيال ,أليسا شغلي أغاني بزران شغلي أغاني اطفال شغلي أغاني للعيال
382,382,أليسا شغلي شيلة سنابها ,أليسا شغلي شيله سنابها
383,383,أليس شغلي أغنية للصبر آخر ,أليس شغلي اغنيه للصبر آخر خلاص
384,384,أليسا ياختي صوت شيرين مليان إحساس سمعيني أغنية مشاعر  ,أليسا ياختي صوت شيرين مليان إحساس سمعيني اغنيه مشاعر
385,385,أليس وشلون أتواصل معك,أليس شلون اتواصل معاك
386,386,أليسا وش الأغنية  اللي حبيب الروح ,أليسا وش الاغنيه اللي فيه حبيب الروح
387,387,أليسا سمعيني أغنية حسين الجسمي مع المعاقين ,أليسا سمعيني اغنيه حسين الجسمي مع المعاقين
388,388,وشلون أشبك على التلفزيون ؟,شلون اشبك لك علي التلفزيون
389,389,أليس أطربيني بأغاني فيروز ,أليس اطربيني بأغاني فيروز
390,390,أليس شغلي أنشودة الشمس الرائعة,أليس شغلي انشوده الشمس الرائعه
391,391,أليسا حطي الصوت على أعلى شي ,أليس حطي الصوت علي اعلي شي
392,392,No Speech/Unclear,مولاي إني ببابك للنقشبندي
393,393,أبي أسمع أغنية داينميت Dynamite  الكورية ,ابي اسمع اغميه داينميت الكوريه
394,394,أليس شغلي أغنية الدنيا ربيع ,أليس شغلي اغنيه الدنيا ربيع
395,395,أليس شغلي القصة اللي أحبها ,أليس شغلي القصه اللي احبها
396,396,أليسا  سمعيني أغنية مستنياك  ,أليسا سمعيني اغنيه مستنياك
397,397,شغلي أغنيتي المفضلة ,شغلي اغنيتي المفضله
398,398,أليسا  أنتي تحدثتي ؟ ,أليس انت تحدثت
399,399,أليس شغلي ألبوم الشاب خالد الأخير  ,أليس شغلي البوم الشاب خالد الأخير
400,400,أليس أطربينا بأغاني حسين الجسمي ,أليس اطربينا باغاني حسين الجسمي
401,401,أليس شغلي ألبوم شيرين عبدالوهاب,أليس شغلي البوم شيرين عبد الوهاب
402,402,أليسا تكفين أبغى أسمع أغنية يا مرايتي لأليسا,أليسا تكفين ابي اسمع اغنيه يا مرايتي لأليسا
403,403,أليسا سمعيني أغاني سعد المجرد,أليسا سمعيني اغاني سعد لمجرد
404,404,أليس ابي جاز عتيق من أيام الخمسينات,أليس ابي جاز عتيق من أيام الخمسينات
405,405,أليس شغلي لي أغنية التاي تينك ,أليس شغلي لي اغنيه التيتانيك
406,406,أليس تكفين شغلي لي أغنية نانسي عجرم أشتكي منه ,أليس تكفين شغلي لي اغنيه نانسي عجرم اشتكي منه
407,407,أليسا تكفين شغلي لي أغاني تصلح لخط السفر ,أليسا تكفين شغلي لي أغاني تصلح لخط سفر
408,408,أليسا سمعيني أغاني عيد ميلاد,أليسا سمعيني اغاني عيد ميلاد
409,409,أليس نسمع قصة علاء الدين,أليس نسمع قصه علاء الدين
410,410,أليس أبي أسمع أغاني قديمة لسمير توفيق ,أليس ابي اسمع اغاني قديمه لسميره توفيق
411,411,أليسا حطي لي أكثر أغنية أحبها تبدأ بحرف الياء,أليسا حطيلي اكثر اغنيه احبها تبدأ بحرف الياء
412,412,أليسا وبالأنقليزي؟,أليسا وبالانجليزي
413,413,أليس أسفل,أليس اسفل
414,414,أليس,أليسا
415,415,أليس أفتحي اشتقت إليك ووحشتني عينك ومدري ايش الباقي بس أنها حقت عبدالحليم ,أليس افتحي اشتقت اليك وحشتني عينيك ومدري وش الباقي بس انها حقت عبدالحليم
416,416,أليسا سمعيني أغنية غدارة يا دنيا ,أليسا سمعيني اغنيه غداره يا دنيا
417,417,أليس ابيك تحطي اغنيه اديل سمون لايك يو(Like you),أليسا ابيك تحطي اغنيه اديل سمون لايك يو
418,418,أبي أسمع آخر أغنية ترند في التيك توك ,ابي اسمع آخر اغنيه ترند في التيك توك
419,419,أليس تكفيني أطربيني بالأغنية العراقية ما ألوم لمحمد البابلي ,أليس تكفين اطربيني بالاغنيه العراقيه موال مالوم لمحمد البابلي
420,420,أليسا ممكن اطفي وضع الطفل ,أليسا وقفي تشغيل وضع الطفل
421,421,أليسا أفتحي لي على أي شي لنانسي عجرم بغني معها,أليسا افتحي لي علي أي شيء لنانسي عجرم بغني معها
422,422,ألبوم حبيبي يا لمحمد فؤاد,البوم حبيبي يا لمحمد فؤاد
423,423,أليس إيه الحين يبي لها تشغلين أغنية عيونك آخر أمالي ,أليس اي اللحين يبي لها تشغل عيونك اخر امالي
424,424,أغنية هاو دو يو نو ثات يو لاف هير how do you know that you love her ,اغنيه هاو دو يو نو ثات يو لاف هير
425,425,أليس شغلي لي أغنية حزينة من أيام الستينات ,أليس شغلي لي اغنيه حزينه من الستينات
426,426,أليس سمعيني شيلات تحزن,أليس سمعيني شيله تحزم
427,427,أليس النغمة الموجودة,أليس النغمه الموجوده
428,428,شغلي قصة للأطفال,شغلي قصه للاطفال
429,429,سمعيني أغنية عبدالكريم لا تروح,سمعيني اغنيه عبد الكريم لا تروح
430,430,أليسا شيرين عبدالوهاب,أليسا شيرين عبد الوهاب
431,431,أليس شغلي لي أغنية حن الغريب ,أليس شغلي لي اغنيه حن الغريب
432,432,أليس قوميني الساعة ست المغرب ابي اطلع مع البنات ,أليس قوميني الساعه ست المغرب ابي اطلع مع البنات
433,433,تكفين أغنية عمرو دياب محسود,تكفين اغنيه عمر دياب محسود
434,434,أليس أحذفي التنبيهات ست طعش اللي فات,أليس احذفي التنبيهات الست طعش اللي فاتت
435,435,أليس سمعيني أغنية آسف لأحمد السلطان ,أليس سمعيني اغنيه اسف لاحمد السلطان
436,436,أليسا شغلي لي أغنية حاتم العراقي راحت الحنية,أليسا شغلي لي اغنيه حاتم العراقي راحت الحنيه
437,437,أطربيني بأغنية نبض قلبي لسعد خالد,اطربيني باغنيه نبض قلبي لسعد خالد
438,438,أليسا شغلي قصة الأميرة النايمة,أليسا شغلي قصه الاميره النايمه
439,439,أليس شلون بيكون الجو بكرة؟,أليس شلون بكون الجو بكره
440,440,"أليس سمعيني في وسط الناس ظهرت هي، بعيش جوي اليوم ",أليسا سمعيني في وسط الناس ظهرت هي بعيش جوي اليوم
441,441,أليس بالله حطي لي أغنية من الستينات عشوائية,أليس بالله حطي لي اغنيه من الستينات عشوائيه
442,442,أليس شغلي أغنية آه ونص كلها لنانسي عجرم,أليس شغلي اغنيه اه ونص كلها لنانسي عجرم
443,443,أليس أبي أسمع أغنية هبلت بالناس لعلي بن محمد,أليس ابي اسمع اغنيه هبلت بالناس لعلي بن محمد
444,444,أليسا فيني نوم شغلي لي أذكار النوم,أليسا فيني نوم شغلي اذكار النوم
445,445,No speech\Unclear,أليسا كل اثنعشر ساعه ذكريني عشان اخذ ادويتي ترا مره مهم الوقت
446,446,أليس سمعيني أحسن أغاني الثمانيات ,أليس سمعيني احسن اغاني الثمانينات
447,447,أليس ودي تشغلي يا ملاذي ومنتهاي وأولي ,أليسا ودي تشغلي يا ملاذي ومنتهاي وأولي
448,448,أليسا تكفين ابي أنطرب بموسيقى خيالية,أليسا تكفين ابي انطرب بموسيقي اوبراليه
449,449,أليس,أليس
450,450,أليس شغلي لي طرب أصيل,أليسا شغلي لي طرب اصيل
451,451,شغلي لي أغنية محمد عبده الأماكن كلها مشتاقة لك. ,شغلي لي اغنيه محمد عبده الاماكن كلها مشتاقه لك
452,452,أليس شغلي أغاني شيرين.,أليسا شغلي اغاني شيرين
453,453,دام أقبل العيد شغلي نشيد العيد أقبل.,دام اقبل العيد شغلي نشيد العيد اقبل
454,454,أليسا شغلي لي أغنية ماشي حدي.,أليسا شغلي لي اغنيه ماشي حدي
455,455,أليس شغلي لي أغنية للمطربة أم كلثوم. ,أليس شغلي اغنيه للمطربه ام كلثوم
456,456,أليسا أطربيني على أغنية يلازمني غيابك. ,أليسا اطربيني علي اغنيه يلازمني غيابك
457,457,أطربي أذني بأشهر أغنية من سنة الف وتسع مية وسبعة وتسعين. ,اطربي اذني باشهر اغنيه من سنه الف وتسعميه وسبعه وتسعين
458,458,أليس شغلي البلوتوث.,أليس شغلي البلوتوث
459,459,أليسا أبي أسمع آيات مُرتلة من سورة النساء. ,أليسا ابي اسمع ايات مرتله لسوره النساء
460,460,,أليس أغاني نانسي عجرم
461,461,أليس سمعيني أغنية بنت الجيران. ,أليسا سمعيني اغنيه بنت الجيران
462,462,أليسا شغلي لي مكس أجنبي حماسي.,أليس شغلي لي مكس اجنبي حماسي
463,463,أليس,أليسا
464,464,أليسا أطربيني بأغنية فيروز نسم علينا الهوا.,أليسا اطربيني باغنيه فيروز نسم علينا الهوا
465,465,أليسا,أليسا
466,466,أليس شغلي أغنية لمحمد منير. ,أليس شغلي اغنيه لمحمد منير
467,467,أليس شغلي أغنية حامل وردة. ,أليسا شغلي اغنيه حامل ورده
468,468,أليسا شغلي لي أذان الحرم. ,أليسا شغلي لي اذان الحرم
469,469,أليسا دقيقتين قدام. ,أليسا دقيقيتن قدام
470,470,أليسا ممكن تحطين لي أغنية اليسا عايشالك أحلى سنين. ,أليسا ممكن تحطي لي اغنيه أليسا عايشالك احلي سنين
471,471,أليس سمعيني أغنية محمود عماد ياعاشقين. ,أليس سمعيني اغنيه محمود هلال يا عاشقين
472,472,أليس ليش شغلتي موسيقى؟,أليس ليش شغلتي موسيقي
473,473,أليسا شغلي الموسيقى اللي أحبّها. ,أليسا شغلي الموسيقي اللي احبها
474,474,أليسا شغلي لي أغنية (work work work) ورك ورك ورك تحمسني لشغلي. ,أليسا شعلي لي اغنيه ورك ورك ورك تحمسني للشغلي
475,475,أليسا شغلي أصوات البحر. ,أليسا شغلي اصوات البحر
476,476,أليس,أليس
477,477,أليسا ودي تشغلين لي أغنية الإسكندرية لمروى. ,أليسا ودي تشغلي لي اغنيه يا اسكندريه لمروه
478,478,أليس ممكن تشغلي لي أناشيد إسلامية. ,أليس لو سمحت ممكن تشغلي لي اناشيد اسلاميه
479,479,أليسا أفتحيلي سندباد. ,أليسا افتحي لي السندباد
480,480,أليس أبي أسمع رواية مارينا. ,أليس ابي اسمع راويه مارينا
481,481,أليسا أبي مشاعل لاتعشمّني. ,أليسا ابي مشاعل لا تعشمني
482,482,أبغى أسمع قصة للأطفال. ,ابغي اسمع قصه للاطفال
483,483,أليسا شغلي لي أغاني ليالي ايليش.,أليسا شغلي أغاني ليالي ايليش
484,484,“No Speech/Unclear”,الإسراء
485,485,أليس سمعيني أغنية نيو كيدزاون ذا بلوك ( New Kids on the Block)‏. ,أليس سمعيني اغنيه لنيو كيدز أون دا بلوك
486,486,,أليسا ابغي اغنيه نانسي عجرم
487,487,أليس ممكن أبي أسمع أشهر أغاني من سنة الف وتسع مية وتسعين ميلادي. ,أليس ممكن ابي اسمع اشهر اغاني من سنه وتسعميه وتسعين ميلادي
488,488,أليس الحمدلله الذي له مافي السموات تأكدي هي بسورة سبأ أو لا. ,أليسا الحمدلله الذي له مافي السموات تاكدي هي بسوره سبا او لا
489,489,أليسا حطيلي أغنية راشد الماجد مشكلني. ,أليسا حطي لي اغنيه راشد الماجد مشكلني
490,490,أليسا شغلي أغنية للصغار. ,أليسا شغلي رقيه الصغار
491,491,أليسا قوميني الساعة ثمان المساء عندي موعد أسنان. ,أليسا قوميني الساعه ثمان المسا عندي موعد اسنان
492,492,ابى قصة هاري بوتر الصوتية. ,ابي قصه هاري بوتر صوتيه
493,493,أليس شغلي لي أغنية محمد عبده الأماكن كلها مشتاقة لك. ,أليس شغلي لي اغنيه محمد عبده الاماكن كلها مشتاقه لك
494,494,أليس شغلي لي أغاني تايلور سويفت ( Taylor Swift)‏  ,أليسا شغلي لي اغاني تايلور سويفت
495,495,أليسا بزحمة الدايري شغلي لي موسيقى رايقة أبي أستكن على هالظهرية. ,أليسا بزحمه الدائري شغلي لي موسيقي رايقه ابي استكن علي هالظهريه
496,496,أليسا تكفين أغنية كاظم الساهر اللي يقول فيها حنيّة شوية شوية. ,أليسا تكفين اغنيه كاظم الاهر اللي يقول فيها حنيه شويه شويه
497,497,أليس تكفين الساعة ثلاث ذكري رغد بموعد الجُرعة. ,أليس تكفي عالساعه ثلاث ذكري زوجي بموعد الجرعه
498,498,سمعيني أغاني كلها أحزان. ,سمعيني اغاني كلها احزان
499,499,شغلي قصة علي بابا. ,شغلي قصه علي بابا
500,500,أليس وش رايك تشغلين لي أغنية بطيئة. ,أليس شرايك تشغلي لي اغنيه بطئيه
501,501,أليس أضبطي المنبه على تسع طعش وخمس طعش دقيقة.,أليسا اضبطي المنبه علي تسعطش وخمسطعش دقيقه
502,502,,ودي أغاني لكاظم الساهر
503,503,النغمة الموجودة.,النغمه الموجوده
504,504,أليسا شغلي أغاني رامي عياش.,أليسا شغلي اغاني رامي عياش
505,505,أليسا سمعيني أذكار الوضوء.,أليسا سمعيني اذكار الوضوء
506,506,أليسا سمعيني أغاني مايكل جاكسون.,أليسا سمعيني اغاني مايكل جاكسون
507,507,حطي أغنية تصبح علينا.,عطني اغنيه تصبح علينا
508,508,أليسا افتحيلي أغنية ألفين عشرين.,أليسا افتحي لي اغنيه الفين عشرين
509,509,أبي أغنية حبيبي مش حبيبي.,ابي اغنيه حبيبي مش حبيبي
510,510,أليس كيف الجو بيكون بكرة؟,أليس كيف الجو بيكون بكره
511,511,أليسا سمعيني أغنية يا نسيم الليل بصوت سعد الفهد.,أليسا سمعيني اغنيه يانسيم اللليل بصوت سعد الفهد
512,512,أليس شغلي حكاية علاء الدين.,أليس شغلي حكايه علاء الدين
513,513,أليسا شغلي أغنيتي المفضلة معلم.,أليسا شغلي اغنيتي المفضله معلم
514,514,أليسا أعطيني شي شاعري مرة للفنان رامي جمال.,أليس اعطيني شي شاعري مررره للفنان رامي جمال
515,515,أليسا بنلعب.,أليسا بنلعب
516,516,أليسا شغلي أغاني سعد المجرد.,أليسا شغلي اغاني سعد المجرد
517,517,أليس تكفين عالساعة ثلاث ذكري زوجي بموعد الجرعة.,أليس تكفي عالساعه ثلاث ذكري زوجي بموعد الجرعه
518,518,أليسا خلي الصوت على رقم خمسة.,أليسا خلي الصوت علي رقم خمسه
519,519,شغلي أغنية نسم علينا هوى.,شغلي اغنيه نسم علينا الهوا
520,520,شغلي أغنية داير ذبيح للعمري,شغلي اغنيه ده اللي بيه احلو عمري
521,521,شوفي فيلم.,شوفي فيلم
522,522,سمعيني أحلى أغنية تركية.,سمعيني احلي اغنيه تركيه
523,523,أليس سمعيني صوت الطرب.,أليس سمعيني صوت الطرب
524,524,أليسا رقم واحد,أليسا رقم واحد
525,525,أليسا سمعيني كبلوني بالسلاسل.,أليسا سمعيني كبلوني بالسلاسل
526,526,أليس لو سمحتي شغلي أغاني المفضلة دبلوماسية من القائمة.,أليس لوسمحتي شغلي أغاني المفضله دبلوماسيه من القائمه
527,527,أليسا شغليلي أغاني أطفال.,أليسا شغلي اغاني اطفال
528,528,شغلي بوب.,شغلي بوب
529,529,أليسا ممكن تشغلين أغنية يا ليلي ويا ليلى.,أليسا ممكن تشغلين اغنيه يا ليلي و يا ليلا
530,530,أليسا أبي أسمع الأنشودة الوطنية حقت دولة كينيا.,أليسا ابي اسمع الانشوده الوطنيه حقت دول كينيا
531,531,أليس ودي أسمع أغنية غريبة الناس لوائل جسار.,أليسا ودي اسمع اغنيه غريبه الناس لوائل جسار
532,532,UNCLEAR,أليس اسر عي قدام عشرين ثانيه
533,533,أليسا شغليلي أغنية لريم عبدالله بالمثل. ,أليسا شغلي لي اغنيه لريم عبد الله بالمثل
534,534,أليس شغلي المنبه على الساعة ثمان العشا علشان أتجهز لجمعة صديقاتي.,أليس شغليي المنبه عالساعه ثمان العشا عشان اتجهز لجمعه صديقاتي
535,535,أبغي أسمع قصة للأطفال.,ابغي اسمع قصه للاطفال
536,536,أليسا سمعيني شي حلو لأديل,أليسا سمعيني شيء حلو لأديل
537,537,أليسا شغلي صوت الموية,أليسا شغلي صوت المويه
538,538,أليس زمان يا فن سمعيني.,أليسا زمان يافن سمعيني
539,539,أليس طفي نص المنبهات اللي محطوطة على الساعة خمسة الصبح.,أليسا طفئي نص المنبهات اللي محطوطه علي الساعه خمسه الصبح
540,540,أليس أبي أسمع نشيد شاكس,أليسا ابي اسمع نشيد شاكس
541,541,أليس أبي أغنية يا بختي فيكي.,أليسا ابي اغنيه يا بختي فيك
542,542,,أليسا افتحي بتمون حقت أليسا تجيب لي الاسترخاء
543,543,أليسا كم يساوي اثنين زائد اثنين؟,أليس كم يساوي اثنين زائد اثنين
544,544,أليس شغليلي موسيقة تأمل.,أليس شغلي لي موسيقي تأمل
545,545,أليسا إسرعي أكثر دقيقتين.,أليس اسرعي أكثر دقيقتين
546,546,أليسا شغلي قصة سندريلا.,أليسا شغلي قصه ساندريلا
547,547,حطيلي أغنية ديفيد بوي حقت الفضاء.,حطي لي اغنيه ديفد بوي حقت الفضا
548,548,أليسا سمعيني أكثر أغنية يسمعونها الناس لنبيل شعيل.,أليسا سمعيني اكثر اغنيه يسمعونها الناس لنبيل الشعيل
549,549,أليس شغلي عزف موسيقى كان عنا طاحون.,أليس شغلي عزف موسيقي اغنيه كان عنا طاحون
550,550,ودي أسمع أغنية ماجد المهندس ليش من دون البشر حبيتك.,ودي اسمع اغنيه ماجد المهندس ليش من دون البشر حبيتك
551,551,أليس أطربيني على أغنية حبيبي أنا,أليسا اطربيني علي اغنيه حبيبي انا
552,552,أليبس حطي سبايدر مان.,أليسا حطي سبايدر مان
553,553,أليسا نسيتي إسمي؟,أليسا نسيت اسمي
554,554,أليس أعطيني أغنية عبدالحليم حافظ عدي النهار,أليس عطينا اغنيه عبالحليم حافظ عي النهار
555,555,أليس سمعيني أغنية نمبر ون.,أليس سمعيني اغنيه نمبر وان
556,556,أليسا أبغى أغنية تغير جوي.,أليسا ابغي اغنيه تغير جوي
557,557,أليسا دوريلي أغاني رومانسية,أليس اطربيني باغاني لبنانيه
558,558,شغلي لي صلاة إمام مسجدنا عادل الكلباني وقرا اليوم سورة الواقعة.,شغلي صوا امام مسجدنا عادل الكلباني وقراء اليوم سوره الواقعه
559,559,أليسا ممكن تحطين أغنية لكاظم الساهر.,أليسا ممكن تحطين اغنيه لكاظم الساهر
560,560,أليس لو سمحتي شغلي أغاني المفضلة دبلوماسية من القائمة.,أليس لوسمحتي شغلي أغاني المفضله دبلوماسيه من القائمه
561,561,أليس إفتحي دعاء تفريج الهم والكرب الثابت والصحيح.,أليس افتحي دعاء تفريج الهم والكرب الثابت والصحيح
562,562,قصة ألف ليلة وليلة.,قصه الف ليله وليله
563,563,UNCLEAR,أليس حطي اغنيه ستاند باي مي
564,564,أليسا أبغى أسمع أغاني تركية حزينة.,أليسا ابي اسمع اغاني تركيه حزينه
565,565,أليسا حطيلي أنشودة ؟؟,أليس حطي لي انشوده طلع البدر علينا
566,566,أليسا شغلي أسطورة فافا اينوفا,أليسا شغلي اسطوره فافا اينوفا
567,567,وريني صورة سيف.,وريني صوره سيري
568,568,أليسا حطيلي أغنية ديفد بوي حقت الفضا,أليسا حطي لي اغنيه ديفد بوي حقت الفضا
569,569,"شغلي أغنية حبيتك بالتلاتة,",شغلي اغنيه حبيتك بالتلاته
570,570,أليسا سمعيني أغنية الزير سالم من زمان ما سمعتها.,أليس سمعيني اغنيه مسلسل الزير سالم من زمان عنها
571,571,أليس تقدري تدعي ربك؟,أليس تقدري تدعي ربك
572,572,,سمعيني اغاني كاوه بو الامريكيه
573,573,أليس مزاجي المغرم يبي يسمع شلونك حبيبي.,أليس مزاجي المغرم يبي يسمع اشوي انك حبيبي
574,574,أليسا شغلي أغنية يما ويا يابا.,أليسا شغلي اغنيه يما ويا يابي
575,575,أليس سمعيني أغنية رابح صقر قيام,أليس سمعيني اغنيه رابح صقر قيام
576,576,أليسا سمعيني شي من أغاني أصيل هميم,أليسا سمعيني شي من اغاني اصيل هميم
577,577,,سمعيني اغاني كاوه بو الامريكيه
578,578,أليس شغليلي أغاني رومنسية في بحر الحب.,أليس شغلي لي أغاني رومانسيه ذبحنا الحب
579,579,أليسا إيه.,أليس ايه
580,580,أليسا,أليسا
581,581,قومي زوجي عالدوام عالساعة ست ونص.,قومي زوجي عالدوام علي الساعه سته ونص
582,582,أليس شغلي أغنية عبدالرحمن محمد أصابك عشق,أليسا شغلي اغنيه عبدالرحمن محمد اصابك عشق
583,583,شغلي لي بتونس بيك.,شغلي بتونس بيك
584,584,ما أسمع لطلال كثير بس مشتهية أسمع مقادير اليوم.,ما اسمع لطلال كثير بس مشتهيه اسمع مقادير اليوم
585,585,أليسا سمعيني القرآن كامل بصوت المنشاوي.,أليسا سمعيني القران كامل بصوت المنشاوي
586,586,أليس ممكن تشغلين محمد رمضان.,أليس ممكن تشغلين محمد رمضان
587,587,أليس,أليس
588,588,أليس شغليلي أغنية أليسا بينا نعشق.,أليسا شغلي لي اغنيه أليسا بينا نعشق
589,589,أليس شغلي جزء عم بصوت ماهر المعيقلي.,أليس شغلي جزء عم بصوت ماهر المعيقلي
590,590,أليس نزلي التنبيهات لسطعش تنبيهات.,أليس احذفي التنبيهات الست طعش اللي فاتت
591,591,أليس,أليس
592,592,العيساوية.,العيساويه
593,593,"مودي اليوم ماش، لك عليه شغليلي موسيقى حزينة.",مودي اليوم ماش لك عليه شغلي لي موسيقي حزينه
594,594,أليس شغليلي أغاني أم كلثوم.,أليس شغلي اغاني ام كلثوم
595,595,أليس أبي أسمع أغنية قصر عالي بس بصوت عبدالله المانع شغليها لي.,أليسا ابي اسمع اغنيه قصر عالي بس بصوت عبدالله المانع شغليها لي
596,596,أليسا شغلي الأغنية اللي فيها نجي نقلك أنا ونحكي لك حكاية.,أليسا شغلي الاغنيه اللي فيها اجي نقوليك انا ونحكي ليك حكايه
597,597,أليسا سمعيني شي اللي الناس تحبه لأم كلثوم.,أليس سمعيني شي الناس تحبه لأم كلثوم
598,598,أليس شغليلي نشيد ياللي على المفرق الغربي تمرونه,أليس شغلي لي نشيد ياللي علي المفرق الغربي تمرونه
599,599,أليسا أبغى أغنية شوق.,أليسا ابغي اغنيه شوق
600,600,أليس شغلي أغنية حمزة نمرة,أليس شغلي اغنيه حمزه نمره
601,601,الله لو تشغلين آلمتني بالعود ياخير الورى بدون موسيقى,الله لو تشغلي آلمتني بالعود ياخير الوري بدون موسيقي
602,602,أليس شغلي ألبوم يا فرحة,أليسا شغلي البوم يا فرحه
603,603,أليس اذا دخلت نوره شغلي أغنيه مبروك نبي نفجأها بالترقيه.,أليس اذا دخلت نوره شغلي اغنيه مبروك نبي نفجأها بالترقيه
604,604,أليسا شغلي أغنية الكدابين للمغنية شيرين,أليسا شغلي اغنيه الكدابين للمغنيه شيرين
605,605,أليس شغلي أغاني الشب خالد,أليس شغلي اغاني الشاب خالد
606,606,أليس أبي اروق على أغنية محمد عبده بالعود ,أليس أبي اروق علي أغنيه لمحمد عبده بالعود
607,607,شغلي لي أغنية مع السلامة,شغلي لي اغنيه مع السلامه
608,608,أليسا أغاني اليسا,أليسا أغاني اليسا
609,609,أليسا سمعيني شيلات هادية,أليس سمعيني شيلات هاديه
610,610,أليسا فيه اذكار لما نطلع من البيت قوليها لي,أليسا فيه اذكار لما نطلع من البيت قوليها لي
611,611,أليسا ابيك تشغلين لي أغنيه درب المحبه بس اللي يغني فيها عبدالمجيد.,أليسا ابي تشغلي لي اغنيه درب المحبه بس اللي يغني فيها عبدالمجيد
612,612,أليس شغلي لي أغنيتي المفضلة,أليس شغلي اغنيتي المفضله
613,613,أليس شغلي لي أغنية عنيا بتحبك,أليس شغلي لي اغنيه عينيا بتحبك
614,614,أليسا ممكن تحطي لي أغنية مقادير,أليسا ممكن تحطي لي اغنيه مقادرير
615,615,أليس شغلي لي أغنية شكد حلو,أليس شغلي اغنيه جوي فل
616,616,أليس اطربيني بأغنية خذني حبيبي لماجدة الرومي ,أليس اطربيني باغنيه خذني حبيبي لماجده الرومي
617,617,تكفين أغاني  دوا ليبا ,تكفين اغاني دوا ليبا
618,618,أليس سمعيني أغنية  ماي لوف لفرقة ويست لايف ,أليس سمعيني اغنيه ماي لوف لفرقه ويست لايف
619,619,أليسا شغلي لي أغنية أنت معلم,أليسا شغلي اغنيه انت معلم
620,620,أليس شغلي لي أشهر أغنيه عام ألفين وخمسة,أليسا شغلي لي اشهر اغنيه عام الفين وخمسه
621,621,األيس ودي اسمع أغنية عمرو دياب خليك معايا,أليس ودي اسمع اغنيه عمر دياب خليك معاي
622,622,العيساوية,العيساويه
623,623,أليس فيني النوم حطي لي أذكار النوم,أليس فيني نوم شغلي اذكار النوم
624,624,تكفين أليس حطي لي أغنية بنت أكابر لأصاله,تكفين ابيك تحطي لي اغنيه بنت اكابر لأصاله
625,625,"أليسا أبي اسمع أغنية قصر عالي بس بصوت عبدالله المانع، شغليها لي.",أليسا ابي اسمع اغنيه قصر عالي بس بصوت عبدالله المانع شغليها لي
626,626,أليس شغلي أغنية هذي نظرة ولا رصاصة ,أليس شغلي اغنيه هذي نظره ولا رصاصه
627,627,أليس شغلي لي أغاني المغنية سيا,أليس شغلي اغاني المغنيه سيا
628,628,أليسا أغنية نانسي عجرم,أليسا اغنيه نانسي عجرم
629,629,أليسا قصة السندباد البحري,أليسا قصه السندباد البحري
630,630,أليس شغلي أغنية راب,أليس شغلي موسيقي راب
631,631, شغلي أغاني عزف عود,شغلي اغاني عزف عود
632,632,مدام البرد دخل شغلي لي أغنية حن الغريب هذا وقتها. ,مدام البرد دخل شغلي لي اغنيه حن الغريب هذا وقتها
633,633,شغلي أغنية تيك توك اللي فيها اوله,شغلي اغنيه تيك توك اللي فيها اوله
634,634,أليسا شغلي لي أغنية زوجي المفضلة أنا مش بتاعة الكلام دا لشيرين.,أليسا شغلي لي اغنيه زوجي المفظله انا مش بتاعب الكلام دا لشيرين
635,635,شغلي لي أغاني جزائرية على ذوقك,شغلي لي اغنيه جزائريه علي ذوقك
636,636,أليس شغلي لي سورة المائدة,أليس شغلي لي سوره المائده
637,637,أليسا شغلي لي أغنية نسيتها لفضل شاكر,أليسا شغلي لي اغنيه تسيتها لفضل شاكر
638,638,أليسا وقفي,أليسا وقفي
639,639,أليسا افتحي اليوتيوب وشغلي أغاني هندية,أليس افتحي اليوتيوب وشغلي اغاني هنديه
640,640,أليسا اعطيني أغنية ماجدة الرومي ,أليسا اعطني اغنيه ماجده الرومي
641,641,أليسا أبي اسمع قصة الأمير  آرثر,أليسا ابي اسمع قصه الامير آرثر
642,642,أليسا ودي اسمع دنيا شقى وجروح لابراهيم الشايع,أليس ودي اسمع دنيا شقي وجروح لبراهيم الشايع
643,643,UNCLEAR,أليس افتحي لي وحده من أغاني بلقيس الجديده وياليت ماتكون حزينه
644,644,أليس شغلي أغنية ؟؟,أليس شغلي اغنيه وجهها مثل البدر
645,645,أليس اعطيني أغنية فيها طرب,أليس اعطني اغنيه فيها طرب
646,646,شغلي مختصر الأذكار,شغلي لي مختصر الاذكار
647,647,أليسا شغلي لي أغاني رومانسية,أليسا شغلي لي اغاني رومانسيه
648,648,أليسا شغلي أغنية نسم علينا الهوا لفيروز,أليسا شغلي اغنيه نسم علينا الهواء لفيروز
649,649,مدري ما في بالي شي شغلي أي شي,مدري ما في بالي شيء شغلي أي شيء
650,650,أليسا ابغاك تفتحين لي على والله لاتمناك حقت مجودي,أليسا ابغي تفتحي لي علي والله لاتمناك حقت مجودي
651,651,أليسا,أليسا
652,652,أليسا مين أنا؟,أليسا من انا
653,653,أليسا,أليسا
654,654,شغلي أغاني أم كلثوم,شغلي اغاني ام كلثوم
655,655,شرايك تشغلي اغاني جابر الكاسر,أليسا شرايك تشغلي لي جابر الكاسر
656,656,أليسا شغلي الموسيقى المفضلة,أليسا شغلي الموسيقي المفضله
657,657,أليسا سمعيني تكفين أغنية أصاله شامخ,أليسا سمعيني تكفين اغنيه اصاله شامخ
658,658,أليس عمرك كم؟ كم عمرك؟,أليس عمرك كم كم عمرك
659,659,أليسا شغلي لي أشهر أغنية عام ألفين واثنين,أليسا شغلي لي اشهر اغنيه عام الفين واثنين
660,660,أليسا شغلي أغاني التيك توك المشهورة,أليسا شغلي اغاني التيك توك المشهوره
661,661,أليسا شغلي أغاني رايقة,أليس شغلي اغاني رايقه
662,662,أليس مروقة ودي اسمع لعبدالمجيد من اليوم لبكرة,أليس مروقه ودي اسمع لعبدالمجيد من اليوم لبكره
663,663,أليس احتاج اسمع ليطمئن قلبي لماجد المهندس,أليسا احتاج اسمع ليطمئن قلبي لماجد المهندس
664,664,"حطي أنت تأثيرك على قلبي قوي، مرة وقتها ",حطي انت تأثيرك علي قلبي قوي مره وقتها
665,665,أليس الله لو نسمع صوت عبدالعزيز الزهراني بسوره الروم,أليس الله لو نسمع صوت عبدالعزيز الزهراني بسوره الروم
666,666,أليس شغلي لي أغنية استراحة محارب,أليسا شغلي لي اغنيه استراحه محارب
667,667,أليسا المود خاطره يسمع جديد بي تي إس ,أليسا المود خاطره يسمع جديد بي تي اس
668,668,أليسا شغلي البوم كارول سماحه,أليس شغلي البوم كارول سماحه
669,669,أليسا أبغاك تسمعيني أغاني ترقص,أليسا ابغاك تسمعيني اغاني ترقص
670,670,أليسا هل عمرك سر؟,أليسا هل عمرك سر
671,671,أليس قصص أطفال,أليس قصص اطفال
672,672,أليس  اطربيني بكاتي بيري بالله ,أليس اطربيني بكاتي بيري بالله
673,673,أليسا شغلي أفلام كرتون,أليسا شغلي افلام كرتون
674,674,أليسا شغلي لي أناشيد فهد مطر,أليسا شغلي لي أناشيد فهد مطر
675,675,أليس تكفين أغنية شعور الفقد لشمه حمدان,أليسا تكفين اغنيه شعور الفقد لشمه حمدان
676,676,أليس سمعيني أغنية أم كلثوم اللي فيه ليلة,أليس سمعيني اغنيه ام كلثوم اللي فيها ليله
677,677,أليسا اعطيني أغنية تصبح علينا ,أليسا عطني اغنيه تصبح علينا
678,678,أليسا سمعيني نشيد اخطيت في روحي ,أليسا سمعيني نشيد اخطيت في روحي
679,679,"أليس جوي اليوم مسلسلات تركيه، شغلي لي أي أغنيه تركية",أليس جوي اليوم مسلسلات تركيه شغلي لي أي اغنيه تركيه
680,680,أليسا كل اثنعشر ساعه ذكريني عشان اخذ أدويتي ترا مره مهم الوقت,أليسا كل اثنعشر ساعه ذكريني عشان اخذ ادويتي ترا مره مهم الوقت
681,681,شغلي أغنية قوي قلبك عالفراق,شغلي اغنيه قوي قلبك عالفراق
682,682,أليسا أبغى اسمع أغنية عالدبكه وفيني لنوال الزغبي,أليسا ابغي اسمع اغنيه عالدبكه وفيني لنوال الزغبي
683,683,أليس لو سمحتي دوري أغنية شو عملت فيني من لما,أليس لوسمحتي دوري اغنيه شو عملت فيني من لما
684,684,أليسا ذكريني بكره  الصباح الساعة تسع وثلث ادق احجز لي موعد اسنان,أليسا ذكريني بكره الصباح الساعه تسع وثلث ادق احجز لي موعد اسنان
685,685, شغلي أغنية اللي باعنا خسر دلعنا,شغلي اغنيه اللي باعنا خسر دلعنا
686,686,شغلي أغنيه نسم علينا الهواء لفيروز,شغلي اغنيه يا هوي روح والو
687,687,أليسا سمعيني أغاني كارول سماحه,أليسا سمعيني اغاني كارول سماحه
688,688,أليس أغنية مشهورة سنة ألفين وواحد وعشرين,أليس اغنيه مشهوره لسنه الفين واحد وعشرين
689,689,أليسا اطربيني بأغنية بيت الحبيب لفيروز,أليسا اطربيني باغنيه بيت الحبيب لفيروز
690,690,أليس,أليس
691,691,شغلي اغنيه هذي نظرة ولا رصاصة ,شغلي اغنيه هذي نظره ولا رصاصه
692,692,أليس شغلي لي أغنية محمد عبده الأماكن كلها مشتاقة لك,أليس شغلي لي اغنيه محمد عبده الاماكن كلها مشتاقه لك
693,693,كمبيوتر ... أليس شغلي أغاني الراي,أليس شغلي اغاني الراي
694,694,شغلي أغاني بلقيس,شغلي اغاني بلقيس
695,695,أليس شغلي وعن سماء حبك ابرحل اظن حقت رشودي,أليس شغلي وعن سماء حبك ابرحل اظن حقت رشودي
696,696,أليسا حبيبتي فارقتني أبي أغنيه تصيحني,أليسا حبيبتي فارقتني ابي اغنيه تصيحني
697,697,أليس شغلي قصة علاء الدين,أليس شغلي قصه علاء الدين
698,698,اعدادات,اعدادات
699,699,أليس سمعيني أغنية هيب هوب يمنية من التسعينات ,أليس سمعيني اغنيه هيب هوب يمنيه من التسعينات
700,700,UNCLEAR,شلون اشبك لك علي التلفزيون
701,701,أليسا سمعيني شي الناس تحبه لأم كلثوم ,أليسا سمعيني شي الناس تحبه لأم كلثوم
702,702,أليسا بمناسبه يوم الخميس ضروري تشغلين خميس ومالي خلق ازعل.,أليسا بمناسبه يوم الخميس ضروري تطربني بخميس ومالي خلق ازعل
703,703,No Speech/Unclear,أليس صحيني الساعه ثنتين الظهر بطبخ الغدا
704,704,شغلي اخر أغاني ايس اوف بايس ,شغلي اخر اغاني ايس اوف بايس
705,705,علي صوتك شوي ,علي صوتك شوي
706,706,شغلي قصة ممتعة ,شغلي قصه ممتعه
707,707,أليس شغلي أغنية عبد المجيد كلما وخلها تكرار طول الوقت لين أطفش منها ,أليس شغلي لي اغنيه عبدالمجيد كلما وخلها تتكرر طول الوقت لين اطفش منها
708,708,No Speech/Unclear,آل سعود
709,709,أليس شغلي أغاني نجاة عتابو ,أليس شغلي اغاني نجاه عتابو
710,710,أليس شغليلي أغنية يا زعلان يا زعلان حقت وليد الشامي زعلانة وماحد عطاني جوي ,أليس شغلي لي اغنيه يازعلان يازعلان حقت وليد الشامي زعلانه ومحد عطاني جوي
711,711,تكفين أبي أغاني محمد عساف ,تكفين اغاني محمد عساف
712,712,أليسا شغليلي كوكتيل حسين الجسمي ,أليسا شغلي لي كوكتيل حسين الجسمي
713,713,أليس تكفين سمعيني أغنية سامو زين أول ما تبتسم لي ,أليس تكفين سمعيني اغنيه سامو زين اول ما تبتسملي
714,714,أليس كم عندنا طاقم ,أليس كان عندنا طاحونه
715,715,أطربيني وشغلي أغاني طلال مداح ,اطربيني وشغلي اغاني لطلال مداح
716,716,أليسا تكفين أطربيني بأغاني عبدالمجيد عبدالله ,أليس تكفين اطربيني بأغاني عبد المجيد عبد الله
717,717,أليسا ألبوم عمرو دياب الأول ,أليسا البوم عمرو دياب الأول
718,718,أليسا سمعيني نشيد اخطيت في روحي ,أليسا سمعيني نشيد اخطيت في روحي
719,719,أليسا أحتاج أغاني آدم ,أليسا احتاج اغاني ادم
720,720,أليس عندي عندي حفظ سوره الزخرف شغليها لي ,أليس عندي حفظ سوره الزخرف شغليها لي
721,721,أليس إعجاب ,أليس اعجاب
722,722,يلا افتحي ايوه قلبي عليك إلتاع,أليس يلا افتحي ايوووه قلبي عليك إلتاع
723,723,أليسا تكفين إطربيني بأغنية محمد منير صوتك ,أليس تكفين اطربيني باغنيه محمد منير صوتك
724,724,أليسا ثلاث مية وأربع دولارات باليورو ,أليسا ثلاث ميه و اربع دولارات باليورو
725,725,أليس أطربيني وشغلي أغاني لنجوى كرم ,أليس اطربيني وشغلي اغاني لنجوي كرم
726,726,أليس ماناقشت شي أبد ,أليس ما ناقشت شي ابد
727,727,أليس ماسكة معي اليوم أسمع لوائل كفوري شغلي لي أغنية بالغرام ,أليس ماسكه معي اليوم اسمع لوائل كفوري شغلي اغنيه بالغرام
728,728,أليس شغلي أغنية فيها مقطع ماتغبش في يوم عن عيني ,أليس شغلي اغنيه بها مقطع متغبش في يوم عن عيني
729,729,أليسا روعة تجنن ,أليسا روعه تجنن
730,730,أليس شغليلي أغنية الدنيا ربيع لسعاد حسني ,أليسا شغلي لي اغنيه الدنيا ربيع لسعاد حسني
731,731,أليسا الله لو تشغليلي آلامتني بالعود ياخير الورا بدون موسيقى ,أليسا الله لو تشغلي آلمتني بالعود ياخير الوري بدون موسيقي
732,732,أليس إفتحي لي أغنية شايف البحر شو كبير ,أليس افتحي لي اغنيه شايف البحر شو كبير
733,733,أليسا أبي أسمع أغنية ليدي غاغا أليخاندرو ,أليسا ابي اسمع اغنيه ليدي غاغا اليخاندرو
734,734,أليسا شغليلي أغنية حاتم العراقي راحت الحنية ,أليسا شغلي لي اغنيه حاتم العراقي راحت الحنيه
735,735,أليسا تكفين أغنية حكيم المصري ,أليسا تكفين اغنيه لحكيم المصري
736,736,أليسا شغلي صوت أحمد العجمي بالقرآن سورة قاف ,أليس شغلي صوت احمد العجمي بالقران سوره ق
737,737,أليسا سمعيني آخر أغنيه برازيلية مشهورة,أليس سمعيني آخر اغنيه برازيليه مشهوره
738,738,أليسا سمعيني أغنية لآخر الليل ,أليسا سمعيني اغنيه لاخر الليل
739,739,أليسا شيرين عبد الوهاب ,أليسا شيرين عبد الوهاب
740,740,أليسا أبي أغنية يرضيك ,أليسا ابي اغنيه يرضيك
741,741,أليس شغلي لي وحدة من أغاني سبيستون أبي أتذكر طفولتي شوي ,أليس شغلي لي وحده من أغاني سبيستون ابي أتذكر طفولتي شوي
742,742,أليسا حطي لي المنبه عالساعة إثنعش وخمسة وعشرين دقيقة ,أليسا حطي لي منبه علي الساعه اثناعش وخمسه وعشرين دقيقه
743,743,شغلي لي أغنية رومانسية دحين ,شغلي لي اغنيه رومانسيه ذحين
744,744,أليس النفسية تبن بالله حطيلي أغاني ترفع المزاج ,أليس النفسيه تبن بالله حطي لي اغاني ترفع المزاج
745,745,أليسا شغلي لي أغنية نسيتها لفضل شاكر,أليسا شغلي لي اغنيه تسيتها لفضل شاكر
746,746,أليسا إشتقت لصاحبي شغلي نشيد ياصاحبي وينك ,أليسا مشتاق لصاحبي شغلي نشيد ياصاحبي وينك
747,747,أليس قومي زوجي على الدوام الساعة ستة ونص ,أليس قومي زوجي عالدوام علي الساعه سته ونص
748,748,أليس بخاطري أسمع سورة الزمر ,أليس خاطري اسمع سوره الزمر
749,749,أليس أبي أشهر أغنية لفرقة البيتلز ,أليس ابي اشهر اغنيه لفرقه البيتلز
750,750,أليس سمعيني شيلات تحزن ,أليس سمعيني شيله تحزم
751,751,أليسا سمعيني أغنية كان أجمل يوم ,أليسا سمعيني اغنيه كان اجمل يوم
752,752,أليسا شغلي شيلة الرأس مرفوع والراية سعودية ,أليسا شغلي شيله الراس مرفوع والرايه سعوديه
753,753,أليسا أبيك تحطي أغنية أنت معلم ,أليسا ابيك تحطي اغنيه انت معلم
754,754,أليسا الجو دموع شغليلي شي يبكيني ,أليسا الجو دموع شغلي لي شي يبكيني
755,755,سمعيني أغاني عيد الميلاد ,سمعيني اغاني عيد ميلاد
756,756,أليس سمعيني من أغاني أوركسترا القاهرة السيمفوني ,أليس سمعيني من اغاني اوركسترا القاهره السيمفوني
757,757,أليس أبي قصة هاري بوتر صوتية ,أليسا ابي قصه هاري بوتر صوتيه
758,758,اليسا شغلي أغاني عمرو دياب ,أليسا شغلي اغاني عمرو دياب
759,759,أليس طفي كل التنبيهات ,أليس طفئي كل التنبيهات
760,760,أليس ودي أسمع نشيد طلع البدر علينا ,أليسا ودي اسمع نشيد طلع البدر علينا
761,761,أليس سمعيني عزف على العود ,أليس اطربيني بعزف لبلوز
762,762,أليسا شغلي لي أغنية أنت معلم ,أليسا شغلي اغنيه انت معلم
763,763,أليسا ناسيني ليه أغنية لتامر شغليها لي ,أليسا ناسيني ليه اغنيه لتامر شغليها لي
764,764,أليسا شغلي الراديو ,أليسا شغليي الراديو
765,765,أليس أغاني راغب علامة القديمة,أليس اغاني راغب علامه القديمه
766,766,أليسا شغليلي يا أخذاً بالنواصي,أليسا شغلي لي يا خذا بالنواصي
767,767,موسيقي الراب امينيم,موسيقي الراب امينيم
768,768,أليس شغلي قصة علي بابا ,أليس شغلي قصه علي بابا
769,769,أليسا أغاني كلاسيكية ,أليس أغاني كلاسيكيه
770,770,أليسا سمعيني أغنية لجوردن سميث  jordan smith,أليسا سمعيني اغنيه لجورددن سميث
771,771,أليسا ,الإسراء
772,772,أليسا قديم كنت أسمع المنشد عيد سعود شغليله شي بالله ,أليسا قديم كنت اسمع عن المنشد عيد سعود شغلي له شي بالله
773,773,أعطيني أغنية فيها طرب ,اعطني اغنيه فيها طرب
774,774,أليسا أبغى أغاني صابر الرباعي ,أليسا ابي اغاني صابر الرباعي
775,775,أليسا شغلي أغنية الشاب خالد ,أليسا شغلي اغنيه الشاب خالد
776,776,أليس حطي لي موال ماجد المهندس ,بليز حطي لي موال لماجد المهندس
777,777,أليسا كل يوم الساعة أربعة ونص الصباح صحيني عشان أصلي الفجر ,أليسا كل يوم الساعه اربعه ونص الصبح صحيني عشان اصلي الفجر
778,778,أليسا سمعيني أغنية كان أجمل يوم ,أليسا سمعيني اغنيه كان اجمل يوم
779,779,شغلي قصتي الخرافية المفضلة ,شغلي قصتي الخرافيه المفضله
780,780,أليسا أحب أغاني المهرجانات المصرية شغليلي أغانيهم لاتوقفي شغليهم ورا بعض ,أليسا احب اغاني المهرجانات المصريه شغلي لي اغانيهم ولا توقفي شغليهم ورا بعض
781,781,أليس سمعيني شي لاديل,أليس سمعيني شيء حلو لأديل
782,782,أليسا شغليلي آداب التلاوة,أليس شغلي لي اداب التلاوه
783,783,أليسا سمعيني أغنيتي المفضلة لنانسي عجرم معجب ,أليسا سمعيني اغنيتي المفضله لنانسي عجرم معجبه
784,784,أليس شغلي أغنية هاو ار يو  how are you ,أليس شغلي اغاني خوليو
785,785,أليسا وش الألمانية للفطر,أليسا وش الالمانيه للفطر
786,786,حطيلي أغنية مسلسل طريقي حق شيرين  ,حطي لي اغنيه مسلسل طريقي حق شيرين
787,787,أليس شغلي أغنية milanoميلانو ,أليس شغلي اغنيه ميلانو
788,788,أليسا شغلي أغنيتي المفضلة ,أليسا شغلي اغنيتي المفضله
789,789,حطي المنبه لست دقايق ,حطي المنبه لست دقايق
790,790,بكرا الخميس لاتنسي تقوميني الساعة سبعة وثلاثين دقيقة عشان ألحق البصمة ,بكره الخميس لا تنسي تقوميني الساعه سبعه وثلاثين دقيقه عشان الحق البصمه
791,791,أليس في أغنية بكلماتها ما أرضى عليك شغليلي ياها ,أليس في اغنيه بكلماتها ماارضي عليك شغلي لي ياها
792,792,أليس أبغى أسمع أغاني مشهورة في فرنسا ,أليسا ابي اسمع اغاني مشهوره في فرنسا
793,793,شغلي لي أغنية محمد رمضان بوم بوم بوم ,شغلي اغنيه محمد رمضان بوم بوم
794,794,أليس تكفين أسمع أغنية محمد رشاد أنا مش شمتان ,أليس تكفين اسمع اغنيه محمد رشاد انا مش شمتان
795,795,أليس حطي شوية موسيقى,أليسا حطي شويه موسيقي
796,796,أليس شغلي أغنية للشاب خالد ,أليس شغلي اغنيه للشاب خالد
797,797,أليسا ابيك تشغليلي أغنية وي بولونج تو قثر we belong togather حقت mariah carey ماريا كاري,أليس ابيك تشغلي لي اغنيه وي بيلونق توقاذر حقت ماريا كاري
798,798,أليس طلعيلي أغنية لوسمحت ,أليس طلعي لي اغنيه لو سمحت
799,799,حطي أغاني عمر دياب ,حطي اغاني عمرو دياب
800,800,أليس افتحي أغنية الوتر الحساس حقت شيرين ,أليس افتحي اغنيه الوتر الحساس حقت شرين
801,801,أليسا شغلي الأغنية اللي فيها أجي نقولك أنا نحكي لك حكاية. ,أليسا شغلي الاغنيه اللي فيها اجي نقوليك انا ونحكي ليك حكايه
802,802,أليس ساعديني يمه بالمحادثة. ,أليس ساعديني يمه بالمحادثه
803,803,أليس شغلي لي أشهر أغنيه عام الفين وواحد وعشرين. ,أليسا شغلي لي اشهر اغنيه عام الفين وواحد وعشرين
804,804,أليس تمطر الحين؟,أليس بتمطر اللحين
805,805,أليسا لوسمحتي شغلي أغنيتي المشهورة. ,أليسا لوسمحتي شغلي اغنيتي المشهوره
806,806,أليس أنا بأحسن حال. ,أليس انا بأحسن حال
807,807,أليسا   ,أليسا
808,808,بما أن اليوم جمعة شغلي لي لاست فرايدي نايت last friday night لـ  Katy Perry لكاتي بيري,بما ان اليوم الجمعه شغلي لي اغنيه لاست فرايدي نايت لكيتي بيري
809,809,أليس سمعيني دعاء السفر. ,أليس سمعيني دعاء السفر
810,810,أدور عن قصص قبل النوم. ,أدور عن قصص قبل النوم
811,811,أليسا تكفين أبيك تحطين لي أغنية بنت أكابر لأصالة. ,أليسا تكفين ابيك تحطي لي اغنيه بنت اكابر لأصاله
812,812, أليسا شغلي لي أغنيه يافاتني. ,أليسا شغلي اغنيه يا فاتني
813,813, أليسا أبي أسمع أذكار المساء. ,أليسا ابي اسمع اذكار المساء
814,814,شغلي أغاني دق طبلة مصري. ,شغلي اغاني دق طبله مصري
815,815,أليس يوه والله اليوم وقت الجاز أطربيني. ,أليس يوه والله اليوم وقت الجاز اطربيني
816,816,العيساوية ,العيساويه
817,817,أليسا شغلي أي أغنية من أغاني زين حقت العيد كلها حلوة مايفرق. ,أليسا شغلي أي اغنيه من أغاني زين حقت العيد كلها حلوه مايفرق
818,818,أليس أنتي غبية شوي. ,أليس أنت غبيه شويه
819,819,أليسا سمعيني أغنية فريق الهلال. ,أليسا سمعيني اغنيه لفريق الهلال
820,820,أليس شغلي أغنية طيور الجنة فرحنا نجحنا تخرجنا يستاهلون الناجحين. ,أليس شغلي اغنيه طيور الجنه فرحنا نجحنا تخرجنا يستاهلون الناجحين
821,821,أليسا شغلي لي أي أغنية لـ Shakira. شاكيرا,أليسا شغلي لي أي اغنيه لشكيرا
822,822,أليسا  أفتحيلي لي على أي شي لنانسي عجرم بغني معاها. ,أليسا افتحي لي علي أي شيء لنانسي عجرم بغني معها
823,823,أليسا خاطري أغنية أي دمعة حزن ؟  لعبد الحليم حافظ ودي أسمعها. ,أليسا عاخاطري اغنيه أي دمعه حزن لا لا لعبد الحليم حافظ ودي اسمعها
824,824,أليس الموسم الثاني. ,أليس الموسم الثاني
825,825,أليس,أليس
826,826,أليسا أطربي مزاجي بمحمد عبدُه. ,أليسا اطربي مزاجي بمحمد عبده
827,827,أليس أطربيني بأغاني أيام زمان. ,أليس اطربيني باغاني ايام زمان
828,828,أليس شغلي لي أغاني حفلة جاستين بيبر Justin Bieber اللي بجدة. ,أليس شغلي لي اغاني حفله جستن بيبر اللي بجده
829,829,أبغى أسمع قصة سنوايت والأقزام السبعة. ,ابغي اسمع قصه سنو وايت والأقزام السبعه
830,830,أليس سمعيني أغاني تحمس. ,أليس سمعيني اغاني تحمس
831,831,أليس تكفين ودي أسمع أغنية لاتستغرب لأنغام. ,أليسا تكفين ودي اسمع اغنيه لا تستغرب لانغام
832,832,شغلي لي أداب التلاوة. ,شغلي لي اداب التلاوه
833,833,أليس أطربيني بصوت روان بنت حسين طلع صوتها حلو وتعرف تغني,أليس اطربيني بصوت روان بنت حسين طلع صوتها حلو وتعرف تغني
834,834,أليس تكفين أبيك تحطين لي أغنية بنت أكابر لأصالة. ,أليسا تكفين ابيك تحطي لي اغنيه بنت اكابر لأصاله
835,835,أليسا صباح الخير حطي لي أغنية لطيفة رايقة. ,أليسا صباح الخير حطي لي اغنيه لطيفه رايقه
836,836,أليس سمعيني أغنية بدي شوفك كل يوم مصطفى زايد. ,أليسا سمعيني اغنيه بدي شوفك كل يوم مصطفي زايد
837,837,أليسا سمعيني الأغنية اللي بتقول ناسيني ليه لتامر حسني. ,أليسا سمعيني الاغنيه اللي بتقول ناسيني ليه لتامر حسني
838,838,أليسا شغلي أغنية  واي دو نت تاك اني مور why dont  take any more,أليسا شغلي اغنيه وي دونت تاك اني مور
839,839,أليس شغلي. ,أليس شغلي
840,840,أليسا أبي أسمعع أغنية طرب أصيل,أليس ابي اسمع اغنيه طرب اصيل
841,841,أليس شغلي موسيقى حقت جاز. ,أليسا شغلي موسيقي حقت جاز
842,842,قصص قبل النوم. ,قصص قبل النوم
843,843,أليسا شغلي لي أغنية لطيفة التونسية خليها على الله.  ,أليسا شغلي لي اغنيه لطيفه التونسيه خليها عالله
844,844,أليس ياعمه شغلي خلص حنانك. ,أليسا يا عمه شغلي خلص حنانك
845,845,أليس تشتغتل الأغنية تخسر,أليس تشتغل الاغنيه تخسر
846,846,أليسا اليوم أحس ذبحني الشوق بس مدري لمين على العموم شغلي لي أغنية أشوفك. ,أليسا اليوم احس ذبحني الشوق بس مدري لمين علي العموم شغلي لي اغنيه اشوفك وين يامسافر
847,847,أليس شغلي ياعصفورة بيضاء لابقى تسألي. ,أليسا شغلي يا عصفوره بيضا لا بقي تسألي
848,848,أليس ,أليس
849,849,أليس تكفين أغنية شعور الفقد لشمة حمدان. ,أليسا تكفين اغنيه شعور الفقد لشمه حمدان
850,850,بسوي يوقا شغلي لي موسيقى تصلح لليوقا. ,بسوي يوغا شغلي لي موسيقي تصلح لليوغا
851,851,أليسا شغلي حاجة مستخبية حقت حمائي ممسكة عليها مرة,أليسا شغلي حاجه مستخبيه حقت حماقي ممسكه عليها مره
852,852,سمعيني قصة علي بابا والأربعين حرامي,سمعيني قصه علي بابا والأربعين حرامي
853,853,أليس شغلي ياست الحبايب يامو بهديها لماما,أليسا شغلي يا ست الحناين يا مو بهديها لماما
854,854,ممكن تشغلي وضع الطفل,وقفي تشغيل وضع الطفل
855,855,أليس أطربيني على أغاني محمد عبده,أليس اطربيني علي اغاني محمد عبده
856,856,سمعيني أغنية حزينة لماجد المهندس,سمعيني اغنيه حزينه لماجد المهندس
857,857,شغلي أغنية كتاب حياتي ياعين,أليس شغلي اغنيه كتاب حياتي ياعين
858,858,أليسا سمعيني الأغنية المعروفة لنجوى كرم مافي نوم بعد اليوم,أليسا سمعيني الاغنيه المعروفه لنجوي كرم ما في نوم بعد اليوم
859,859,"أليس سمعيني أغنية لويد بانكس Lloyd Banks,",أليسا سمعيني اغنيه بنك فلويد
860,860,أليسا من أي مدينة انتي؟,أليسا من أي مدينه انت
861,861,أليسا شغليلي أغنية تحسسني بالويكند,أليسا شغلي لي اغنيه تحسسني بالويكيند
862,862,الصراحة؟؟,السلاحف والارانب
863,863,أليس لو سمحتي ممكن تشغليلي أناشيد إسلامية,أليسا لو سمحت ممكن تشغلي لي اناشيد اسلاميه
864,864,أليسا شوفيلي قصة عن السفر وشغليها,أليسا شوفي لي قصه عن السفر وشغلها
865,865,نهاية اليوم يبيلها صوت عبدالله المانع,نهايه اليوم يبي لها صوت عبدالله المانع
866,866,أليس ودي أغاني لكاظم الساهر,أليسا ودي أغاني لكاظم الساهر
867,867,أليس أعطيني إعجاب للأغنية,أليس اعطي اعجاب للاغنيه
868,868,إحنا فين؟,احنا فين
869,869,أليسا سمعيني الأغنية اللي بتقول ناسيني ليه لتامر حسني,أليسا سمعيني الاغنيه اللي بتقول ناسيني ليه لتامر حسني
870,870,أليس تقدري تسمعيني أغنية الدنيا حلوة لنانسي عجرم,أليس تقدري تسمعني اغنيه الدنيا حلوه لنانسي عجرم
871,871,أليسا ياهو أطربيني بأغاني عبادي الجوهر,أليسا ياهو اطربيني بأغاني عبادي الجوهر
872,872,أليسا سمعيني أغنية من نيو سكول new school هيب هوب,أليس سمعيني اغنيه من النيو سكول هيب هوب
873,873,أليسا الحلوه صحيني الساعة سبعة عشان أروح البنك ,أليسا الحلوه صحيني الساعه سبعه عشان اروح للبنك
874,874,أليسا من ألبومي المفضل واحد ,أليسا الالبوم المفظل واحد
875,875,ذكريني الساعة تسعة بالليل أدق على المندوب,ذكريني الساعه تسعه في الليل ادق علي المندوب
876,876,نادي السد القطر.,نادي السد القطر
877,877,أليس راح نأخذك معنا ,أليسا راح ناخذك معنا
878,878,أليس حطي نغمة المنبة الأساسية,أليس حطي نغمه المنبه الاساسيه
879,879,أليسا عندي قصه حلوة خرافية,أليسا عندك قصه حلوه وخرافيه
880,880,أليسا شغلي بيض وكحل ,أليسا شغلي بيض و كحل
881,881,أليسا ممكن تشغليلي أغنية فرقة قيتارا ياغالي,أليسا ممكن تشغلي لي اغنيه فريق جيتارا ياغالي
882,882,أليس إطربينا على أغاني شامية ,أليسا اطربيني علي اغاني شاميه
883,883,أليس وقفي المنبة,أليس وقفي المنبه
884,884,شغلي أغاني المطرب عبدالحافظ,شغلي اغاني المطرب عبد الحافظ
885,885,أليس شغلي أغاني يا ناسي عيني ,أليس شغلي اغنيه يا ناسي عيني
886,886,أليس وش اسمي؟,أليس وش اسمي
887,887,شغليلي موسيقى كلاسيك,شغلي لي موسيقي كلاسيك
888,888,شغليلي أغنية محمد رمضان نمبر ون ,شغلي لي اغنيه محمد رمضان نمبر ون
889,889,أليسا بالله شغلي أغاني شادية,أليسا بالله شغلي أغاني شاديه
890,890,أليسا أبي موسيقى كلاسيك,أليسا ابي موسقي كلاسيكيه
891,891,أليس شغلي أغنية لو بص بعيني,أليس شغلي اغنيه لو بص بعيني
892,892,سمعيني أغاني اليسا ,سمعيني اغاني أليسا
893,893,المود يحتاج يسمع شيلات,المود يحتاج يسمع شيلات
894,894,أليس كيف كانت درجة الحرارة اليوم؟,أليس كيف كانت درجه الحراره اليوم
895,895,أليس سمعيني ميوزك لنايتشز,أليس سمعيني ميوزك لنايتويش
896,896,أليس سمعيني أغنية غافي,أليس سمعيني اغنيه غافي
897,897,أليسا أبغى أسمع شيلة طرب ,أليسا ابغي اسمع شيله طرب
898,898,أليسا قوميني الساعة عشرة الصباح وراي دوام ,أليسا قوميني الساعه الصباح عالعشر وراي دوام
899,899,أليسا رقصيني على أغنية بتناديني ليه ,أليسا رقصيني علي اغنيه بتناديني ليه
900,900,أليس ودي أسمع أغنية رسالة لأحمد سعد يقولون حلوة,أليس ودي اسمع اغنيه رساله لاحمد سعد يقولون حلوه
901,901,أليس شغلي لي أغنية فيها مقطع ماتغبش في يوم عن عيني ,أليس شغلي اغنيه بها مقطع متغبش في يوم عن عيني
902,902,شغلي لي أغاني جوزيف,شغلي لي اغاني جوزيف
903,903,أليسا أغنية,أليسا اغنيه
904,904,أطربيني بفيروز,اطربيني بفيروز
905,905,أليس أبي أغنية كلاسيكية بس أبي أرقص,أليس ابي اغنيه كلاسيكيه بس ابي ارقص
906,906,أليس شغلي لي أغنية اريانا قراندي  Ariana Grande,أليسا شغلي اغنيه اريانا كراندي
907,907,أليس شغلي لي أغنية أليسا بيننا نعشق,أليسا شغلي لي اغنيه أليسا بينا نعشق
908,908,أطربيني بأغنية أم كلثوم فأكروني,اطربيني باغنيه ام كلثوم فكروني
909,909,أليس ودي أسمع لـ بتهوفين Beethoven وأنا أرتب غرفتي,أليس ودي اسمع لبيتهوفن وانا ارتب غرفتي
910,910,أليسا علي بابا,أليس علي بابا
911,911,أليسا صباح الخير حطي لي أغنية لطيفة رايقة,أليسا صباح الخير حطي لي اغنيه لطيفه رايقه
912,912,“No Speech/Unclear”,أليس نبهيني عالساعه وحده علاج الوالد
913,913,“No Speech/Unclear”,أليس أغاني رومنسيه للمغني جون
914,914,أليس أختاري لي وحدة  من أغاني منى أمارشا اللي عندي ,أليس اختاري لي وحده من أغاني مني امارشا اللي عندي
915,915,أليسا أفتحي لي موقع الكورة ,أليسا افتحي لي موقع الكوره
916,916,أليسا لو سمحتي شغلي الأغنية المفضلة عندي,أليسا لو سمحتي شغلي الاغنيه المفضله عندي
917,917,مين قاعد يتكلم؟,من قاعد تكلم
918,918,أليسا بالله أقري قصة بياض الثلج والأقزام,أليسا بالله إقرئي قصه بياض الثلج والأقزام
919,919,أليس أبيك تشغلي لي أغنية ستة الصبح للجسمي مودي اليوم مصري,أليسا ابي تشغلي لي اغنيه ست الصبح للجسمي مودي اليوم مصري
920,920,ماسكه معي اليوم أغاني دبكة شغلي لي أغنية درّج يا غزالي,ماسكه معي اليوم أغاني دبكه شغلي لي اغنيه درج ياغزالي
921,921,أليس أبي اسمع أغاني خليجية. ,أليس ابي اسمع اغاني لويزر
922,922,شغلي لي أغاني هندية,شغلي لي اغاني هنديه
923,923,شغلي لي مذهلة بما أنها جتني إهداء,شغلي لي مذهله بما انه جتني اهداء
924,924,أليس أنا اليتيم نشيدة رهيبة سمعيني إياها ,أليس انا اليتيم نشيده رهيبه سمعيني إياها
925,925,العيساوية ,العيساويه
926,926,شغلي لي أغنية شيري حبه جنة,شغلي لي اغنيه شيرين حبه جنه
927,927,أليس ودي أسمع أغنية لطيفة التونسية للشمس,أليس ودي اسمع اغنيه لطيفه التونسيه للشمس
928,928,أليسا ذكريني الساعة ثمانية ونص أطلع الملابس من الغسالة,أليس ذكريني الساعه ثمنيه ونص اطلع الملابس من الغساله
929,929,أليسا شغلي صباح الصباح,أليسا شغلي صباح الصباح
930,930,أليسا تكفين شغلي موسيقتي المفضلة,أليسا تكفين شغلي موسيقتي المفظله
931,931,أغاني أم كلثوم,أغاني ام كلثوم
932,932,أليس شغلي لي أغنية غدارة يا دنيا,أليسا شغلي لي اغنيه غداره يا دنيا
933,933,أليس أبي أغاني طرب,أليس ابي اغاني طرب
934,934,أليسا نبي نرقص عطيني أغنية البيس حقها عالي. ,أليسا نبي نرقص حطي لي اغنيه البيس حقها عالي
935,935,أليس شغلي الموسيقى حقتي ,أليس شغلي الموسيقي حقتي
936,936,أليس حبيبتي عطيني أفضل الأغاني من ألف وتسع مية إلى ألفين,أليسا حبيبتي عطيني افضل الاغاني من الف وتسعميه الي الفين
937,937,“No Speech/Unclear”,أليسا انت مين
938,938,أليسا من أي مدينة أنتي؟,أليسا من أي مدينه انت
939,939,أليسا أطربيني بأشهر أغاني ألف وخمس مية وستين,أليسا اطربيني باشهر أغاني الف وخمس ميه وستين
940,940,أليسا تكفين أغنية نوال الزغبي يا ما قالوا,أليسا تكفين اغنيه نوال الزغبي يا ما قالوا
941,941,أليسا تكفين أغنية نوال الزغبي يا ما قالوا,أليسا تكفين اغنيه نوال الزغبي يا ما قالوا
942,942,أليسا أطربيني بأحسن الأغاني ألفين وستة,أليسا اطربيني باحسن اغاني الفين وسته
943,943,أليس قلبي موجوع وشغلي لي يا ندمانة,أليس قلب المواجع وشغلي لي اغنيه ياندمانه
944,944,أليسا أجل تعلم,أليسا أجل تعلم
945,945,أليسا ابي أسمع أغنيتي اللي أحبها,أليسا ابي اسمع اغنيتي اللي احبها
946,946,شغلي أغنية يا فاتني,شغلي اغنيه يا فاتني
947,947,أليسا شرايك بكرة أفطر ولا لا؟,أليس شلون الجو بكره بتمطر ولا لا
948,948,أليسا شغلي صباح الصباح,أليسا شغلي صباح الصباح
949,949,أليس ماسكة بلساني اللي يبون صفوفنا تصبح أقسام شغليها بشوف وش,أليس ماسكه بلساني اللي يبون صفوفنا تصبح اقسام شغلها بشوف وش
950,950,طفي الصوت,طفئي الصوت
951,951,أليس قوميني الساعة ست المغرب أبي أطلع مع البنات. ,أليسا قوميني الساعه ست المغرب ابي اطلع مع البنات
952,952,أليسا شغلي أغنية أنت معلم. ,أليسا شغلي اغنيه انت معلم
953,953,أليسا حطي لي قصة ألف ليلة وليلة. ,أليسا حطي لي قصه الف ليله وليله
954,954,“No Speech/Unclear”,أليسا يلا اطلقي النار
955,955,سمعيني نشيد تبسم عشاني وخل الدموع. ,سمعيني نشيد تبسم عشاني وخل الدموع
956,956,شغلي أغنية رايقة توخر الصداع. ,شغلي كل الحكايه اشتقت لك
957,957,أليسا تكفين أغنية عطوه جوه نبيل الشعيل. ,أليسا تكفين اغنيه عطوه جوه لنبيل شعيل
958,958,شغلي لي أغنية لو علي. ,شغلي لي اغنيه لو علي
959,959,ناقص شد القطع. ,نادي السد القطر
960,960,أليس شغلي أغنية فاضي شوية. ,أليس شغلي اغنيه فاضي شويه
961,961,أليسا سمعيني شي كذا يفرفشني. ,أليسا سمعيني شي إماراتي شعبي
962,962,أليس خاطري أسمع نشيد أروحنا مشتاقة شغليها. ,أليس خاطري اسمع نشيد نشيد ارواحنا مشتاقه شغليها
963,963,أليس شغلي لي الأذكار اللي بعد ما أقوم من النوم. ,أليس شغلي لي الاذكار اللي بعد ما اقوم من النوم
964,964,أليس أطربيني بأغنية شادية ياغيب عني,أليس اطربيني باغنيه شاديه يا غايب عني
965,965,أليسا حطي لي أغاني من ألبوم الفنان عبد العباس,أليسا حطيلي اغاني من البوم الفنان عبدالعباس
966,966,أليسا أبي أغنية تصلح للأم. ,أليسا ابي اغنيه تنعسني
967,967,أليسا وقفي. ,أليسا وقفي
968,968,أليس شغلي أغنية  ورك ورك ورك work work work تحمسني للشغل.,أليس شعلي لي اغنيه ورك ورك ورك تحمسني للشغلي
969,969,أليس أبي جاز عتيق من أيام الخمسينات. ,أليس ابي جاز عتيق من أيام الخمسينات
970,970,أليس أعطيتك العلم. ,أليس عطيتك العلم
971,971,أليس كيف كانت درجة الحرارة اليوم؟,أليس كيف كانت درجه الحراره اليوم
972,972,أليس شغلي  صوت المويه. ,أليسا شغلي صوت المويه
973,973,أليسا أعطيني أغاني شرقية. ,أليسا اعطني اغاني شرقيه
974,974,أليسا شغلي لي أغنية أستراحة محارب. ,أليسا شغلي لي اغنيه استراحه محارب
975,975,أليسا مشتاق لصاحبي شغلي نشيد ياصاحبي وينك. ,أليسا مشتاق لصاحبي شغلي نشيد ياصاحبي وينك
976,976,أليسا سمعيني شي حلو لأسمهان. ,أليسا سمعيني شي حلو لاسمهان
977,977, أليسا شغلي لي أغنية خذها أمانة. ,أليسا شغلي لي اغنيه خذها امانه
978,978, أليسا أفتحيلي أغنية ؟؟؟؟وخليه يعيد مرة وحدة. ,أليسا افتحي لي علي اغنيه تخلي دموعي اربع اربع
979,979,أليسا عيديها مرة ثانية. ,أليسا عيديها مره ثانيه
980,980,أليس. ,أليس
981,981,“No Speech/Unclear”,أليسا حطي اغاني حسين الجسمي
982,982,أطربيني بأغنية أنا والعذاب وهواك. ,اطربيني باغنيه انا والعذاب وهواك
983,983,أليس شغلي ألبوم يا فرحة. ,أليس شغلي البوم يا فرحه
984,984,أبغى أغنية مرة غريبة. ,ابغي أغنيه غريبه مره
985,985,أليس ودي نحفظ سورة القمر خنشغلها بصوت رعد الكردي ,أليس ودي نحفظ سوره القمر خنشغلها بصوت رعد الكردي
986,986,أليس شغلي لي موسيقى هادية وأنا أشتغل ما أحب الإزعاج. ,أليس شغلي لي موسيقي هاديه وانا اشتغل ماحب الازعاج
987,987,أليس عطيني شي شاعري مرة للفنان رامي جمال. ,أليس اعطيني شي شاعري مررره للفنان رامي جمال
988,988,أليس سمعيني قصة حلوة. ,أليس سمعيني قصه حلوه
989,989,أليس شغلي أغنية شخبط شخبيط. ,أليس شغلي اغنيه شخبط شخابيط
990,990,أليس آخر أغنية لمحمد عبده. ,أليس آخر اغنيه لمحمد عبده
991,991,أليسا أطربيني بأغاني الستينات الله يخليك. ,أليس اطربيني باغاني الستينات الله يخليك
992,992,أليسا شغلي قصص أطفال. ,أليسا شغلي قصص أطفال
993,993,أليس حطي لي أغنية فيروز اللي تقول حبيتك حبيتك. ,أليس حطي لي اغنيه فيروز اللي تقول حبيتك حبيتك
994,994,أليس شغلي قائمة أغاني راشد الماجد. ,أليس شغلي قائمه الاغاني حقت مطربي المفضل
995,995,بالله شغلي أنشوده هي الذكرى  ,بالله نشوده شغلي هي الذكري
996,996,؟؟ بالمدرسة. ,زي اللي بالمدرسه
997,997,آل سعود. ,آل سعود
998,998,مانقصت شي أبد. ,ما ناقشت شي ابد
999,999,أليس شغلي أغنية اللي فيها ألِف الدنيا على شان عينك.,أليس شغلي الاغنيه اللي فيها الف الدنيا علشان عينيك