samsun ankara hacettepe kaç kilometredir	21
ankara çankırı kurşunlu kaç kilometre	20
bağcılar esenyurt arası	19
istanbul ayvalık arası	16
korucuk şeker mahalle arası kaç kilometre	14
halkalı şahintepe arası kaç kilometre	13
güven park ve büklüm sokak arası kaç km	13
istanbul ankara kaç kilometre	12
diyarbakır batman arası	11
bursa konya merkez kaç kilometre	11
antalya eskişehir kaç kilometre	11
istanbul bodrum arası kaç kilometre	10
sancaktepe mahallesi silivri istanbul sahile ne kadar yakın	10
çelebi şereflikoçhisar kaç kilometre	10
afyon dan yalovaya kaç kilometre	9
ataşehir izmir arası	8
saraybosna caddesi dörtyol arası kaç kilometre	7
bingöl ısparta arası	7
menemen akhisar kaç kilometre	7
istanbul samsun kaç kilometre	7
ıspartakule den büyükçekmece kaç kilometre	7
ayaştan konya kaç kilometre	7
antalya kaş bezirgan köyüne en kısa mesafe	7
manisa alaşehir arası kaç kilometre	6
ankara sivas arası kaç kilometre	6
keşan bandırma arası	6
istanbul konya arası kaç kilometre	6
kaman konya merkez kaç kilometre	6
beyazköy çerkezköy kaç kilometre	6
mersin çankırı arası kaç kilometre	5
erzincan antalya arası	5
istanbul muş arası kaç kilometre	5
kotaya karabuk arasında kaç saat var	5
söke doğanbey arası kilometre	5
niğde bursa erdoğan köyü arası kaç kilometre	5
ankara gimat gaziantep arası	5
amasya kaç kilometre kaldı	5
avanos antalya kaç kilometre	5
ankara istanbul kaç kilometre	5
nurettin caddesinden menderes ne kadar	5
salihli kayseri kaç kilometre	5
mersin ankara kaç kilometre	5
kırklareli istanbul kaç kilometre	5
şanlıurfa cizre arası kaç kilometre	4
turgutlu söğüt arası kaç kilometre	4
mevlana yıldırım beyazıt arası	4
burhaniye aydın arası kaç kilometre	4
muş bursa arası kaç kilometre	4
samsun rize arası	4
topçular gebze kaç kilometre	4
istanbul gömeç kaç kilometre	4
istanbul adıyaman kaç saat	4
istanbul adana kaç kilometre	4
elazığ abdullah paşa mahallesi saraybosna caddesinden sürsürü dörtyol kaç kilometre	4
erzurum eleşkirt kaç kilometre	4
afyon fethiye kaç kilometre	4
kara hayattan gölcüğe kaç saatte varılır	4
antalya eğirdir arasına gidilecek	3
izmir bursa arası kaç kilometre	3
yalova kartepe arası	3
uşak burdur arası kaç kilometre	3
sakarya bursa arası	3
fethiye ankara arası kaç kilometre	3
eskişehir gaziantep arası kaç kilometre	3
esenyurt çerkezköy arası kaç kilometre	3
ankara niğde arası	3
kayseri arası kaç kilometre	3
antalya konya arası kaç kilometre	3
istanbul ve koçhisar arası kaç kilometre	3
çanakkale ankara arası	3
ankara konya arası	3
istanbul mersin arası kaç kilometre	3
dinar simav arası kaç kilometre	3
denizli istanbul arası kaç kilometre	3
ödemiş trabzon arası	3
bursa istanbul arası kaç kilometre	3
adana mersin arası kaç kilometre	3
muş trabzon arası kaç kilometre	3
muş mersin arası kaç kilometre	3
ankara burdur arası kaç kilometre	3
istanbul giresun arası kaç kilometre	3
küpecik sivas arası	3
kütahya bozüyük arası kaç kilometre	3
bingöl şanlıurfa arası nasıl gidebilirim	3
istanbul edirne arası kaç kilometre	3
istanbul burdur arası kaç kilometre	3
istanbul bolu arası kaç kilometre	3
mardin fransa arası kaç kilometre	3
manisa gördes arası kaç kilometre	3
manavgat kütahya arası kaç kilometre	3
istanbul gebze arası kaç kilometre	3
uşak eşme den afyonkarahisar kaç kilometre	3
samsun istanbul kaç kilometre	3
afyon karahisar izmire kaç ne kadar mesafesi var	3
istanbuldan trabzon kaç kilometre	3
eskişehir konya kaç kilometre	3
istanbul çorlu kaç kilometre	3
istanbul rize kaç kilometre	3
düziçi osmaniye ankara polatlı kaç kilometre	3
dörtyoldan payaslı kaç dakika	3
bursa yenişehir afyon gazlıgöl kaç kilometre	3
suşehri gümüşhane kaç kilometre	3
istanbul adapazarı kaç kilometre	3
ankara bursa kaç kilometre	3
istanbul adıyaman kaç kilometre	3
turhal ankara kaç kilometre	3
konya karaman kaç kilometre	3
kütahya simavdan tekirdağ kaç kilometre	3
istanbul antalya kaç kilometre	3
adana amasya kaç kilometre	3
trabzon samsun kaç kilometre	3
batman malatya kaç kilometre	3
aliağa izmir arası	2
mardin istanbul arası kaç kilometre	2
alanyurt şanlıurfa arası kaç kilometre	2
mardin mersin arası	2
kızıltepe midyat arası kaç kilometre	2
kütahya manisa arası	2
mersin istanbul arası kaç kilometre	2
amasya izmit arası kaç kilometre	2
akşehir yalvaç arası kaç kilometre	2
kozan adana arası kaç kilometre	2
korkuteli bodrum arası kaç kilometre	2
konya izmir arası kaç kilometre	2
konya ereğli sinop arasındaki kilometre	2
kocaeli manisa arası	2
milas bodrum arası kaç kilometre	2
akyazı pozantı arası kaç kilometre	2
niğde burs arası kaç kilometre	2
ankara istanbul arası kaç kilometre	2
aksaray gölbaşı arası kaç kilometre	2
osmanbeyli polonezköy arası kaç kilometre	2
akhisar yalova arası kaç kilometre	2
pamukova gökgöz şahmeran arası kaç kilometre	2
pendik direkler arası	2
polatlı merzifon arası kaç kilometre	2
kastamonu azdavay arası	2
afyon ısparta arası kaç kilometre	2
kars istanbul arası kaç kilometre	2
karabük kürtün arası kaç kilometre	2
afyon konya arası kaç kilometre	2
karaali şanlıurfa arası kaç kilometre	2
salihli izmir arası kaç kilometre	2
kamışlı siverek arası kaç kilometredir	2
afyon bursa arası kaç kilometre	2
afyon burdur arası kaç kilometre	2
kahramanmaraş adıyaman arası kaç kilometre	2
sandıklı afyonkarahisar arası	2
antakya elbistan arası kaç kilometre	2
sefaköy tuzla arası kaç kilometre	2
izmir diyarbakır arası	2
selçuk ankara arası kaç kilometre	2
izmir aliağa arası kaç kilometre	2
silvan antalya arası kaç kilometre	2
istoç kurabiyeci arası	2
antalya izmir arası	2
sinop elbistan arası kaç kilometre	2
sinop türkeli ısparta eğirdir arası kaç kilometre	2
sivas divriği ile kocaeli gebze arası kaç kilometre	2
sivas gürün arası kaç kilometre	2
istanbul van arası kaç kilometre	2
istanbul uşak arası kaç kilometre	2
sorgun zile arası kaç kilometre	2
sultanbeyli bilecik bozuk arası kaç kilometre	2
antalya side arası kaç kilometre	2
sultangazi vezneciler arası kaç kilometre	2
istanbul kütahya arası kaç kilometre	2
susurluk bursa arası restaurant	2
istanbul kayseri arası kaç km	2
istanbul izmir arası kaç saat	2
istanbul izmir arası kaç kilometre	2
tatvan van arası kaç kilometre	2
tekirdağ şarkköy bandırma arası	2
istanbul gaziantep arası kaç kilometre	2
tekstilkent masko arası nekadar	2
tepecik sarıcaova arası	2
istanbul bolu arası	2
tosya erbaa arası kaç kilometre	2
trabzon sivas arası	2
transalkım uluslar arası nakliyat hadımköy	2
istanbul akhisar arası kaç kilometre	2
türkiye fransa arası kaç kilometredir	2
iskilip ılgaz arası	2
urfa konya çeltik arası kaç kilometre	2
havza samsun arası	2
hasankeyf midyat arası kaç kilometre	2
halkalı gebze arası	2
van gürpınar arası kaç kilometre	2
van mardin arası	2
gümüşhacıköy kütahya arası	2
gölmarmara izmir arası kaç km	2
gerede kurşunlu arası	2
gebze kırıkkale arası kaç kilometre	2
yapracık şaşmaz arası kaç kilometre	2
gaziantep konya arası kaç kilometre	2
gaziantep eskişehir arası kaç kilometre	2
esenyurt bağcılar arası	2
zonguldak arası	2
aydın sarayköy arası kaç kilometre	2
esenler ile sarıyer arası kaç kilometre	2
erzurum kâbe arası kaç kilometre	2
erzurum bursa arası	2
ergani sivas arası kaç kilometredir	2
ereğli antalya arası	2
çanakkale bursa arası	2
çankırı çerkeş hacı hamza arası kaç kilometre	2
çeltik ereğli arası kaç kilometre	2
çorlu tekirdağ arası	2
diyarbakır dicle arası kaç kilometre	2
diyarbakır bursa arası kaç kilometre	2
çorum denizli arası kaç kilometre	2
çorum kayseri arası kaç kilometre	2
ceyhan çankırı arası kaç kilometre	2
ödemiş ile izmir arası	2
ödemiş salihli arası kaç kilometre	2
ödemiş trabzon arası kaç kilometre	2
bursa niğde arası kaç kilometre	2
bursa izmir arası kaç kilometre	2
bursa istanbul arası	2
bursa bozüyük arası	2
bursa bilecik arası kaç kilometre	2
burdur çameli arası kaç kilometre	2
ısparta konya arası	2
burdur antalya gömbe arası kaç kilometre	2
balıkesir istanbul arası	2
şam koy fethiye zincirli kavak arası kaç kilometre	2
bolu ılgaz arası kaç kilometre	2
bolu muş arası kaç kilometre	2
bolu kaynaşlı izmit arası kaç kilometre	2
bandırma izmir arası kaç kilometre	2
bandırma sakarya arası kaç kilometre	2
bandırma sakarya arası kaç kilometredir	2
beyşehir yeniçiftlik arası kaç kilometre	2
bayburt elazığ arası	2
mardin batman kaç kilometre	2
malatya pamukova kaç kilometre	2
mardin manavgat kaç kilometre	2
mersin aksaray kaç kilometre	2
alaca dan trabzon kaç kilometre	2
alaca dan trabzon kaç kilometre	2
kütahyadan tekstil organize kaç kilometre	2
kütahyadan organize sanayi bölgesi kaç km	2
nallıhandan bursa kaç kilometre	2
ortacadan kızılyaka kaç kilometre	2
samandıradan darıca kaç kilometre	2
samsun adana kaç kilometre	2
istanbuldan çanakkale kaç metre	2
istanbuldan konya kaç kilometre	2
istanbuldan fethiye kaç kilometre	2
istanbuldan eskişehir kaç kilometre	2
istanbuldan burdur kaç kilometre	2
istanbuldan batum kaç kilometre	2
istanbuldan azerbaycan sınır kapısı ne kadar	2
istanbuldan adana kaç kilometre	2
adanadan istanbul kaç kilometre	2
adana çukurova kaç kilometre	2
yalovadan kocaaliye kadar kaç kilometre	2
küçükçekmece manisa kaç kilometre	2
mersin gaziantep kaç kilometre	2
mersin karlıova kaç kilometre	2
mersin silifke kaç kilometre	2
ankara adıyaman kaç kilometre	2
merzifon osmancık ardıç köyü kaç kilometre	2
ankara antalya kaç kaç kilometre kaç filmi	2
kocaeli balıkesir kaç kilometre	2
milas aydın kaç kilometre	2
ankara burdur kaç kilometre	2
akyarlar selimiye kaç kilometre	2
ankara eskişehir sakarya güzergahı kaç kilometre	2
ankara giresun kaç kilometre	2
nevşehir keçiborlu kaç kilometre	2
ankara izmit kaç kilometredir	2
aksaray elazığ kaç kilometre	2
ortaca söke kaç kilometre	2
ortaköy akalan kaç kilometre	2
osmaniye haymana polatlı kaç kilometre	2
osmaniye kahramanmaraş kaç kilometre	2
akhisar izmir kaç kilometre	2
ankara nevşehir kapadokya kaç kilometre	2
kayseri ankara kaç kilometre	2
kaynaşlı kazan kaç kilometre	2
kaynarca ferizli kaç kilometre	2
afyonkarahisar izmir ankara kaç kilometre	2
sabiha gökçenden okmeydanı 2. köprüden kaç dakika	2
sakarya bilecik kaç kilometre	2
salihli bitlis kaç kilometre uzaklıkta	2
samsun hopa kaç kilometre	2
samsun trabzon kaç kilometre	2
adıyaman kızıltepe kaç kilometre	2
adıyaman istanbul kaç kilometre	2
adıyaman gölbaşı kaç kilometre	2
izmirden marmaris kaç kilometre	2
antalya alanya isparta kaç kilometre	2
izmirden balıkesire kaç kilometre	2
sarıyer levent kaç kilometre	2
antalya ankara kaç kilometre	2
izmir çine kaç kilometre	2
sefaköy hadımköy kaç dakika	2
izmir kars kaç kilometre	2
izmir istanbul kaç kilometre	2
izmir diyarbakır kaç kilometre	2
selimpaşa akalan kaç kilometre	2
izmir antalya kaç kilometre	2
italya fransa kaç kilometre	2
simav iznik kaç kilometre	2
antalya konya kaç kilometre	2
adapazarı bilecik kaç kilometre	2
istanbul ısparta kaç kilometre	2
istanbul çorum kaç kilometre	2
istanbul çekmeköy ömerli mahallesi kaç kilometre	2
istanbul urfa kaç kilometre	2
istanbul ordu kaç kilometre	2
istanbul mersin kaç kilometre	2
istanbul kırklareli kaç kilometre	2
istanbul küçükçekmece halkalı meydan kaç dakika	2
suşehri amasya kaç kilometre	2
antep kilis kaç kilometre	2
söke izmir söke aydın kaç kilometre	2
istanbul izmir kaç kilometre	2
istanbul gaziantep kaç kilometre	2
istanbul diyarbakır kaç kilometre	2
istanbul denizli kaç kilometre	2
istanbul bursa kaç kilometre	2
tirebolu çarşamba kaç kilometre	2
istanbul bilecik kaç kilometre	2
tosya ihsangazi kaç kilometre	2
trabzon bilecik kaç kilometre	2
istanbul ankara yenimahalle kaç kilometre	2
tunceli ovacık kaç kilometre	2
istanbul amasra kaç kilometre	2
turgutlu torbalı kaç kilometre	2
istanbul afyon kaç kilometre	2
tuzla merter kaç kilometre	2
iskenderun afyon kaç kilometre	2
gölcükten bolu abant kaç kilometre	2
gebze ısparta kaç kilometre	2
gaziantep ankara kaç kilometre	2
florya beylikdüzü kaç dakika	2
yeşilpınar safranbolu kaç kilometre	2
eskişehir istanbul kaç kilometre	2
çaldıran erzurum kaç kilometre	2
ayvacık yunanistanda kaç kilometre var	2
çanakkaleden sinop gerze kaç kilometre	2
düzce ümraniye kaç kilometre	2
düzce hatay kaç kilometredir	2
çerkezköy erzurum kaç kilometre	2
çerkeş tokat kaç kilometre	2
babaeski yeniköy kaç kilometre	2
diyarbakır kızıltepe kaç kilometre	2
çorlu ergene kaç kilometre	2
diyarbakır istanbul kaç kilometre	2
denizli manisa kaç kilometre	2
bursa lüleburgaz kaç kilometre	2
bursa izmir kaç kilometre	2
bursa emek kaç kilometre	2
bursa bandırma kaç kilometre	2
bursa amasya kaç kilometre	2
burhaniye ısparta kaç kilometre	2
balıkesir bursa kaç kilometre	2
balıkesir edremit kaç kilometre	2
bozkır aydın kaç kilometre	2
bodrum selimiye kaç kilometre	2
şirinevler esenyurt meydan kaç dakika sürer	2
bingölden gaziantepe kaç kilometre	2
bandırma kütahya kaç kilometre	2
1. boğaz atatürk havalimanı kaç kilometre	2
bartın bodrum kaç kilometre	2
bartın ordu kaç kilometre	2
baykan erzurum kaç kilometre	2
batmanda silopya kadar kaç kilometredir	2
batman hasankeyf kaç kilometre	2
batman kara kaya karakaya barajı arası kaç kilometre	1
batman diyarbakır arası kaç kilometre	1
batman van arası	1
batman van arası kaç kilometre	1
batman bingöl arası kaç kilometre	1
batman bingöl arası	1
bayburt ispir arası kaç kilometre	1
batman ağrı arası	1
batman antalya arası	1
bayrampaşa pendik arası kaç kilometre	1
bayrampaşadan güvercin tepe arası kaç kilometre	1
bayındır eşme arası kaç kilometre	1
bağcılar avcılar arasında kaç kilometre var	1
bağcılar güngören arası kaç kilometredir	1
başakşehir haki arası	1
başakşehir kartepe arası kaç kilometre	1
bartın istanbul bartın arası	1
bartın bingöl kaç kilometre arası	1
bartın bingöl arası mesafe	1
besni çat barajı arası kaç kilometre	1
beylikdüzü alaplı arası	1
beylikdüzü alaplı arası kaç kilometre	1
beylikdüzü izmit arası	1
beylikdüzü çayırova arası	1
beyoğlu fatih arası	1
beyşehir batman arası kaç km	1
beşikdüzü of arası kaç kilometre	1
beşiktaş başakşehir arası ne kadar bizim	1
bandırma toparlar arası	1
beşiktaş ortaköy arası	1
bandırma nilüfer arası kaç kilometre	1
beşiktaş tekirdağ arası	1
bigadiç burdur arası mesafe	1
bigadiç çanakkale arası	1
bigadiç çanakkale arası kilometresi	1
bilecik arası kaç kilometre	1
bilecik pazaryeri mudurnu taşkesti arası kaç kilometre	1
bilecik uşak arası	1
bingöl erzurum arası kaç kilometredir	1
bingöl gaziantep arası kaç kilometre	1
bingöl izmir arası kaç saat sürer	1
bandırma istanbul arası kaç kilometre	1
bandırma erzurum arası kaç kilometre	1
bandırma diyarbakır arası kaç kilometre	1
bandırma bursa arası kaç kilometre	1
birecik suruç arası kaç kilometre	1
bandırma antalya arası	1
bodrum çanakkale arası kaç kilometre	1
bolu istanbul arası kaç kilometre	1
bandırma akçay arası	1
bandırma adapazarı arası kaç kilometre	1
banaz köyü hubyar köyü arası	1
banaz dinar arası kaç kilometre	1
bolu ticaret ve sanayi odası ve bolu turkuaz okulu arası kaç kilometre	1
bolu tünelinden ılgaz arası kaç kilometre	1
balıkesir çanakkale arası kaç kilometre	1
balıkesir çanakkale arası	1
bozkır antalya arası	1
balıkesir sakarya arası kaç kilometre	1
bozkır istanbul arası	1
bozüyük kütahya arası kaç kilometre	1
boğazlıyan aydıncık arası ne kadar	1
balıkesir merkez ordu ili arası en kısa en kestirme yol neresi	1
bulanık van arası kaç kilometredir	1
buldan buharkent arası kaç kilometre	1
buldan nazilli arası	1
bulunduğum konum bursa arası	1
bulunduğum konum çerkezköy arasındaki mesafe kaç kilometre	1
bulunduğum yer siverek arası kaç kilometre	1
balıkesir manisa celal bayar hafza arası kaç kilometre	1
buradan istanbul kaç kilometre kayseri istanbul arası	1
balıkesir istanbul arası kaç kilometre	1
balıkesir ile izmir dikili arası kaç kilometre	1
balıkesir gediz arası kaç kilometre	1
burdur afyon arası kaç kilometre	1
burdur afyonkarahisar arası	1
burdur antalya arası kaç kilometre	1
burdur antalya arası kaç kilometre kaldı	1
burdur temelli arası kaç kilometre	1
balıkesir bandırma sakarya arası kaç kilometre	1
burdurla ısparta arası	1
balıkesir ayvalık arası kaç kilometre	1
burhaniye ısparta arası kaç kilometre	1
balıkesir arası kaç kilometre	1
balya çan arası kaç kilometre	1
bursa eskişehir arası mesafe	1
bursa fethiyeden soğanlı ahmet halk bakü okulun arası kaç kilometre	1
bursa hatay arası kaç kilometre	1
bursa inegöl arası kaç kilometre	1
bursa istanbul arası kaç km	1
bakır selimpaşa bakırköy arası kaç kilometre	1
bursa konaklı köyü arası	1
bursa konya arasına	1
bursa kütahya arası	1
bursa macaristan arası kaç kilometre	1
bursa mersin arası kaç kilometre	1
bursa mudanya arası çekmece	1
bursa muğla arası kaç kilometre	1
bursa muş arası	1
bursa uludağ arası kaç kilometre	1
bursa yozgat arası kaç kilometre	1
bursa yozgat arası kaç kilometredir	1
bahçeşehir mahmutbey arası	1
ceyhan siirt arası kaç kilometre ceyhan siirt arası kaç kilometre	1
bahçelievler soğanlı arası atatürk havalimanı arası kaç kilometre	1
d 100 karayolu fatih avcılar arası	1
darıca gebze arası kaç kilometre	1
demet eryaman arası kaç kilometre	1
demetevler havalimanı arası kaç kilometre esenboğa	1
demre mardin arası kaç kilometredir	1
denizli antalya arası	1
denizli ile burhaniye arası kaç kilometre	1
denizli istanbul arası	1
denizli kuşadası arası	1
denizli saray kentli antalya kaş arası kaç kilometre	1
denizli uşak arası	1
denizli çanakkale arası	1
denizli ısparta arası	1
denizli şanlıurfa arası	1
denizline burhaniye arası kaç kilometre	1
dil ovası istanbul arası	1
dilovası gebze arası açıkmı	1
dinar afyon arası kaç kilometre	1
dinar kütahya simav arası kaç kilometre	1
dinar simav arası	1
diyarbakır arası kaç kilometre	1
diyarbakır eğil arası kaç kilometre	1
diyarbakır kurtaran arası	1
diyarbakır mardin arası	1
diyarbakır muş arası kaç kilometre	1
diyarbakır şırnak arası	1
diyarbakır şırnak arası kaç kilometre	1
diyarbakır şırnak idil arası kaç kilometre	1
doğa arası sokak numara 3 beşiktaş	1
doğankent yozgat doğankent nevşehir kozaklı arası kilometresi	1
doğu garajı kayseri şehir hastanesi arası kaç kilometre	1
doğubeyazıt ağrı arası kaç kilometredir	1
doğubeyazıt diyarbakır arası kaç kilometre	1
dudullu başakşehir arası kaç kilometre	1
ağrıyla yozgat arası kaç kilometre	1
düzce afyon arası petrol ofisi	1
düzce alaplı arası	1
ağrı hamur arası kaç kilometre	1
düzce istanbul arası kaç kilometre	1
düzce izmir arası	1
düzce kabalak akçakoca arası kaç kilometre	1
ağrı doğubeyazıt arası kaç kilometre	1
düzce van arası kaç kilometre var	1
düzce çaycuma arası kaç kilometre	1
edirne ardahan arası kaç kilometre	1
edirne esenyurt edirne arası kaç kilometre	1
edirne tokat arası	1
edremit yeni arası kaç kilometre	1
azerbaycan gence arası kaç kilometre	1
elazığ giresun alıcılar arası	1
elazığ giresun aruzcular arası	1
elazığ palu uludere arası kaç kilometre	1
elbistan erzincan kemaliye arası	1
elbistan sinop arası kaç kilometre	1
elmacık köyü sivas havalimanı arası	1
elmadağ antalya organize arası kaç kilometre	1
erciyes bünyan arası	1
ereğli arası erzincan kilometre	1
ereğli bozantı arası kaç kilometre	1
ereğli inegöl arası kaç kilometre	1
ayten istanbul arası kaç kilometre	1
ereğli çorlu arası kaç kilometre	1
erivan ığdır karakoyunlu arası kaç kilometre	1
erzincan istanbul arası	1
erzincan kaç kilometre şanlıurfa arası	1
erzincan sivas arası	1
erzincan tokat arasındaki mesafe	1
erzurum amasya arası yollar	1
erzurum bayburt arası	1
erzurum eleşkirt arası kaç kilometre	1
erzurum istanbul arası	1
erzurum istanbul arası kaç kilometre	1
erzurum kars arası kaç saat sürer	1
erzurum rize arası	1
erzurum urfa arası	1
aydın ödemiş arası	1
esenboğa havalimanı kavaklı köyü arası kaç kilometre	1
esenboğa mamak arası	1
esenboğa çankaya arası	1
esenler sultangazi arası	1
esenler çerkezköy arası kaç kilometre	1
esentepe mahallesi inegöl bursa hendek arası kaç kilometre	1
esenyurt edirne arası kaç kilometre	1
esenyurt esenşehir yeni havalimanı arası kaç kilometre	1
esenyurt gerede arası kaç kilometre	1
aydın merkez istanbul arası kaç kilometre	1
esenyurt meydan güneşli meydanı arası	1
esenyurt talat pasa istanbul fatih arası ne kadar	1
aydın malatya arası kaç saat	1
aydın izmir izmir arası kaç kilometre	1
esenyurt tekirdağ arası kaç kilometre	1
esenyurt tekirdağ çerkezköy arası kaç kilometre	1
esenyurtta çatalca arası kaç kilometre	1
eskihisar topçular başakşehir arası	1
eskişehir acıbadem kütahya arası	1
eskişehir alanya arası	1
eskişehir balıkesir arası kaç kilometre	1
eskişehir bursa arası mesafe	1
eskişehir gaziantep arası kaç kilometredir	1
aydın bartın arası kaç kilometre	1
eskişehir izmir arası	1
aydın balıkesir arası kaç kilometre	1
eskişehir manisa arası kaç kilometre	1
eskişehir moskova arası kaç kilometre	1
eskişehir çimento fabrikası arası	1
eskişehir ısparta arası kaç kilometre	1
aydin karaburun arası kaç kilometre	1
ezine bandırma arası kaç kilometre	1
fanti şişli arası kaç km	1
fatih esenler arası kaç kilometre	1
ayder arası sokak bostancı	1
ayazağa arası transfer merkezi	1
ayazağ konya arası kaç kilometre	1
ayazağ cendere arası transfer merkezi	1
fethiye ile konya arası kaç kilometre	1
fethiye milas arası kaç kilometre	1
galata kulesi tarlabaşı arası kaç kilometre	1
gazi hastanesi gaziosmanpaşa didim arası	1
gaziantep diyarbakır kaç kilometre arası	1
gaziantep erzincan arası kaç kilometre	1
gaziantep görele arası en kısa yol kaç kilometre	1
gaziantep istanbul arası kaç kilometre	1
gaziantep payas arası kaç kilometre	1
gaziantep samsun arası en kısa	1
gaziantep tuzla istanbul arası kaç kilometre	1
gaziantep şanlıurfa arası kaç kilometre	1
gaziosmanpaşa tarabya arası	1
gaziosmanpaşadan gültepe arasına	1
gebze ağrı arası	1
gebze balıkesir arası kaç kilometre	1
gebze halkalı arasındaki	1
gebze ile bursa arası kaç saat	1
gebze izmir aliağa arası kaç kilometre	1
gelibolu arası kaç kilometre	1
gelibolu koruköy arası kaç kilometre	1
gerede gölova arası	1
gerede çerkeş arası	1
geredeli ereğli arası	1
avcılar ve bağcılar arasında kaç kilometre var	1
gölbaşı incek arası	1
gölbaşı nizip arası	1
gölbaşı ostim arası kaç kilometre	1
gölbaşı polatlı arası kaç kilometre	1
gölbaşı çubuk arası kaç kilometre	1
avcılar dan dolapdere arası kaç kilometre	1
avanos özkonak ile gülşehir yalıntaş köyü arası kaç km	1
göynük yenipazar arası kaç kilometre	1
göçerli karabük arası	1
gülücük tekirdağ arası kaç kilometre	1
gümüşhacı köyü arası kaç kilometre	1
gümüşhacı köyü erbaa arası kaç kilometre	1
gümüşhane ankara arası	1
atmaca mahallesi fransa arası kaç kilometre	1
güngören bayrampaşa arası kaç kilometre	1
güngören serdar arasındaki	1
güngörene bayrampaşa arası nekadar güngören ile bayrampaşa arası ne kadar	1
güzel köy çermik arası kaç kilometre	1
hafsa tekirdağ arası	1
hafsa çorlu arası	1
harem üsküdar arası kaç kilometre	1
hasankeyf nusaybin arası kaç kilometre	1
hatay arası kaç kilometre	1
hatay gaziantep arası	1
hatay konya arası	1
hatay kozan arası kaç kilometre	1
havsa çorlu arası	1
havza merzifon arası	1
havza nevşehir arası	1
havza nevşehir arası kaç kilometre	1
haymana ankara arası kaç kilometre	1
hayrabolu kapaklı arası kaç kilometre	1
hendek bursa arası kaç kilometre	1
hendek inegöl arası ne kadar	1
hilvan dörtyol arası kaç kilometredir	1
himmetli yardibi köyü arası kaç kilometre	1
horasan taşlıgüney köyü arası	1
ataköy kartal arası	1
icikli ısparta arası	1
ikitelli karaköy arası	1
ikitelli çengelköy arası kaç kilometre	1
ikitelli çengelköy çengelköy arası kaç kilometre	1
incesu niğde arası kaç km	1
inebolu abana arası kaç kilometre	1
inegöl amasya arası kaç km	1
inegöl ankara arası inegöl ankara	1
inegöl bursa arası	1
aslan çimento osmangazi köprüsüne arası kaç kilometre	1
inegöl çanakkale arası	1
ipsala ankara arası kaç kilometre	1
iskenderun reyhanlı arası kaç kilometre	1
iskenderundan reyhaniye kaç kilometre arası	1
istanbul adıyaman arası kaç kilometre	1
istanbul akhisar manisa akhisar arası kaç kilometre	1
istanbul ankara arası	1
istanbul antalya arası	1
istanbul antalya arası kaç kilometredir	1
istanbul arası kaç kilometre	1
istanbul arası mesafe	1
istanbul avrupa yakası karasu arası kaç kilometre	1
istanbul balmumcu ile sabiha gökçen arası kaç kilometre	1
istanbul balıkesir arası kaç kilometre	1
istanbul barosu odakule ile kaç metre arasındaki mesafe var	1
istanbul batman arası kaç kilometre var	1
istanbul batman arası malatya üzeri	1
istanbul bayrampaşa sabiha gökçen havaalanı arası	1
istanbul bodrum arası	1
istanbul bursa arası kaç kilometre	1
istanbul bursa arası kaç km	1
istanbul ceylanpınar arası kaç kilometre	1
batmandan vana kaç kilometre	1
bandırmadan yenice kaç kilometre	1
bandırmadan ayvalık kaç kilometredir	1
bilecik ankaradan kaç kilometre	1
bandırma karayolundan kaç kilometre	1
batman hakkari derecik ilçesine kaç kilometre	1
batman istanbul kaç kilometre	1
batman kızıltepe kaç kilometre	1
bartın ulus kaç kilometre	1
başakşehir altınşehir şahintepe mahallesinden samsun alaçam ilçesi gökçeboğaz mahallesi kaç kilometre	1
başakşehirden kayseri kaç kilometre	1
başakşehirden selimpaşa kaç kilometre	1
başağaç kırşehir konumu kaç saattir	1
bekirhan dan batmana kaç kilometre	1
balıkesir manyasa yol tarifi kaç kilometre	1
