# sonuç = bulunduğum yeri tayin et, toloka_sonuç = neredeyim
nerede bulunuyorum
Neredeyim
Neredeyim?
Bulunduğum yeri doğru belirle
şu anda neredeyim
şu anda nerede bulunuyorum
şu anda nerede bulunuyorum
şimdi bulunduğum yeri biliyor musun
bulunduğum yeri biliyor musun
bulunduğum yeri doğru belirleyebiliyor musun
bulunduğum yeri daha doğru belirle
bulunduğum yerinin adresi
bulunduğum evinin adresini belirleyebiliyor musun
bulunduğu yerinin adresi
bulunduğumuz yerinin adresi
alisa nerede bulunuyorum
alisa bulunduğum yer
alisa şimdi nerede bulunuyorum
alisa hangi şehirde bulunuyoruz
alisa hangi şehirde bulunuyorum
alisa hangi şehirde şimdi bulunuyorum
alisa hangi şehirde yaşıyorum
alisa neredeyiz
alisa nerede bulunuyoruz
alisa şimdi nerede
alisa ben neredeyim
alisa nerede yaşıyorum
alisa bulunduğum şehir ve adres hakkında söyle lütfen
alisa doğru nerede bulunuyorum
alisa şimdi nerede hangi sokakta bulunuyorum
alisa asıl şimdi nerede bulunuyorum
alisa bulunduğum yerin adresi ver
alisa şimdi nerede bulunuyorum saat kaç
alisa hangi yerde bulunuyorum
alisa bulunduğum yer hakkında anlatabiliyor musun
alisa benim koordinatlarım
alisa beni bul haritada şaartuz köyü
alisa bulunduğum yeri yandeks haritasında bul
alisa bulunduğum yeri belirle
alisa bulunduğum yeri göster
alisa bulunduğum yeri bana göster
alisa nerede bulunuyorum haritada göster
alisa bulunduğum yeri haritada göster
alisa bulunduğumuz yeri haritada göster
alisa nerede bulunduğumu söyle
alisa şu an nerede bulunduğumu söyle
alisa hangi şehirde ve hangi sokakta bulunduğumu doğru söyle
alisa bulunduğum yeri belirleyebiliyor musun
alisa hata yaptın nerede bulunduğumu tekrar et lütfen
alisa neredeyim
alisa şu an nerede bulunduğumu biliyor musun
alisa yolumu kaybettim
alisa bulunuyorum
alisa şu an nerede bulunuyorum
alisa şimdi hangi şehirde ve hangi sokakta bulunuyorum
alo şu an nerede bulunuyorum
ayaşa güney duruyorum nasıl bilmek şehir bilmiyorum
bulunduğum yer bezençuk köyü
nerede bulunduğumu daha doğru göster
şu an nerede bulunuyoruz
hangi köyde bulunduğumu bak
şu an hangi şehirde bulunuyoruz
hangi şehirde bulunuyorum
şu an hangi şehirde bulunuyorum
şu an hangi evde bulunuyorum
şu an hangi yerde bulunuyorum
seninle hangi bölgede bulunuyorum
şu an hangi bölgede bulunuyorum
hangi yerde bulunuyorum
nerede bulunduğumu biliyor musunuz
bulunduğum yeri tasrih etmediniz
şu an nerede bulunuyorum
nerede bulunuyorsunuz
sen neredesin ben şu an nerede bulunuyorum
o halde nerede bulunuyorum
asıl nerede bulunuyorum
bulunduğum yer nerede
benim telefon şu an nerede bulunuyor
arabam nerede
neredeyiz
nerede yaşıyoruz
nerede bulunuyoruz
şimdi nerede bulunuyoruz
şimdi nerede bulunuyoruz bir mağaza nerede bulunuyor
nerede bulunuyor
benim otobüs nerede bulunuyor
şimdi nerede bulunuyor
nerede bulunduğumu göster bana
şimdi nerede geliyorum
şimdi nerede bulunuyorum
şimdi nerede bulunuyorum burada bir nehir var mı
şimdi nerede bulunuyorum haritada göstermek
şimdi nerede duruyorum
orada neredeyim
doğru olarak nerede bulunuyorum
nerede yaşıyorum hangi adres bende var
nerede yaşıyorum belirli olarak hangi sokakta
asıl neredeyim hakkında haritalar yerine ev
alisa nerede bulunuyorum yardım et beni bir serseriler aldılar
nerede bulunuyorum Domino'da harita
petersburg içinde nerede bulunuyorum
nerede bulunuyorum ve mağazanın adı ne
nerede bulunuyorum hangi adres bende var
nerede bulunuyorum bulunduğum yer
haritaya göre nerede bulunuyorum
bulunduğum yerin doğru adını söyle
nerede bulunuyorum kesişmeler
bulunduğum yeri haritada göster
şimdi nerede bulunuyorum yeri belirleyin
şimdi nerede bulunuyorum bulunduğum yer nedir
doğru nerede bulunuyorum
bulunduğum yerin doğru adresini söyle
nerede bulunuyorum bende böyle bir sokak
nerede bulunuyorum fotoğraflar
nerede bulunuyorum?
alisa şu anda neredeyim
şu anda nerede yaşıyorum
şu anda neredeyim hangi
şimdi bulunduğum yeri haritada göster
şimdi bulunduğum yeri haritada uydu ile göstermek
şimdi bulunduğum yer sokak
nerede bulunuyorum doğru koordinatları söyle
nerede duruyorum
nerede duruyorum güneybatıda veya kuzeybatıda doğru söyleyin
şu anda nerede duruyorum
bulunduğum yerin doğru adresi
şu an nerede bulunuyorum bana söyle ve kutudan git
söyle nerede bulunuyorum
söyleyin nerede bulunuyorum
bulunduğum şehir
google şimdi nerede bulunuyorum
google beni bul
dana şimdi adresinde bulunuyorsunuz
bulunduğum yerin boylamı ve enlemi
canım neredeyim
canım bulunduğum yeri anlat lütfen
burada hangi sokak
ve nerede şimdi bulunuyoruz
islam anlayamıyorum giyimli nerede bulunuyorum
nasıl beni bulmak
benim adresim
bulunduğum yerin adı ne
bu yerin adı ne
bulunduğum yeri nasıl bulmak
bulunduğu yeri nasıl bulmak
sokağımız ne
bugün ayın kaçı hafta günü ay yıl lütfen söyle bana nerede bulunuyorum
hangi evde bulunuyorum
adresim ne
hangi bölgede bulunuyoruz
hangi bölgede bulunuyorum
hangi gezegende bulunuyorum
ben hangi sokakta bulunuyorum doğru adres ne
ben hangi sokakta
ben hangi şehirde bulunuyorum
hangi bulunduğum yeri daha bir kez söylüyorum
harita şimdi neredeyiz
harita nerede şimdi bulunuyorum
harita şu an nerede bulunuyorum
harita yanlıştır polevskiy yanında bulunuyorum haritada gösterin
polonya haritası bulunduğum yer
senin harita yanlıştır alisa nerede bulunuyorum
güzelim neredeyim
şimdi nereye geliyorum
orman selam nerede bulunuyorum
beni bul
bulunduğum yer
bulunduğu yer
benim bulunduğu yer
şu an bulunduğum yer
benim telefonum bulunduğu yer
bulunduğum yer hakkında akıl verin
bulunduğum yeri göster
bulunduğumuz yer
yerim
bulunduğum yer tamamen
bulunduğum yer doğru olarak
şehirdeki hayvanat bahçesinde bulunduğum yer
bulunduğum yer nerede bulunuyorum
bulunduğum yer şimdi hangi yerde bulunuyorum
gatçina'ya karşı bulunduğum yer
bulunduğum yer bulunduğum yer
haritada bulunduğum yer
şehirin haritasında bulunduğum yer
bulunduğum yeri belirle
bulunduğum yer pazar günü
bulunduğum yer zavertayeva sokağına geleceğim bu nerede
bulunduğum yer dubrovka köyü bryansk bölgesi
bulunduğum yer protvino
şimdi bulunduğum yer
bulunduğum yer uydudan gerçek zaman içinde
doğru bulunduğum yer
bulunduğum yerin
bulunduğum yeri belirleyebilir
şimdi bulunduğum yeri belirleyebiliyor musun
benim jeografik bilgileri
koordinatlarım
adresim
bulunduğum adres
bulunduğum yer gt
benim jeografik koordinatlarım
moskova'dayız
hangi sokakta yaşıyorum
hangi sokakta bulunuyorum
şimdi hangi sokakta bulunuyorum
hangi enlemde ve boylamda bulunuyorum
hangi enlemde bulunuyorum
bulunduğum yer haritada
bulunduğum yeri ve şehri belirle
şimdi bulunduğum yer
denizin üstündeki hangi düzeyde şimdi bulunuyorum
bulunduğum yeri söyle
lütfen sokağımızı söyle
doğru bulunduğum adresi söyle
bulunduğum sokağı söyle
haritada beni bul
klüçevka'da beni bul
haritaya göre uydudan beni bul
beni bulunduğum yerine göre bul
bulunduğum yeri haritaya göre belirle
lütfen benim bul
lütfen beni bulun
lütfen beni bulun nerede bulunuyorum
beni bulmak
bulunduğum yeri belirlemek
nerede bulunuyorsun
bulunuyorum
hayır sadece şimdi bulunduğum şehrin adı beni ilgilendiriyor
nijegorodskaya bölgesi kstovo şehri bul beni
biliyor musun neredeyim
aptalsın bulunduğum yer
özge bilgilere göre bulunduğum yeri belirle
peki alisa uydudan fotoğrafa göre doğru bulunduğum yeri bana göster lütfen
peki nerede bulunuyorum
peki google nerede yaşıyoruz
peki google şimdi nerede bulunuyoruz
peki google nerede yaşıyorum şimdi nerede bulunuyorum
peki google nerede bulunuyorum
peki google şimdi neredeyim
peki google şimdi nerede bulunuyorum
peki google şimdi nerede bulunuyorum beni bul lütfen
peki google beni bulmak
peki google bulunduğum yeri bana göster
peki google şimdi bulunduğum yeri belirlemelisin
peki google dün neredeydim
peki liza şimdi nerede bulunuyoruz
peki elis bulunuyorum
peki yandeks bulunduğum yeri belirle
olesya neredeyim
olesya sen bir kaynakçı gibisin nerede bulunuyorum
şimdi nerede bulunuyorum akıl ver
o bulunduğum yeri belirlemek
yaşadığım evi ve sokağı belirle
koordinatları belirle
jeokonumu belirle
bulunduğum yeri ve buradan kafkasya limanına kadar yolu belirle
haritada doğru bulunduğum yeri belirle
koordinatlarımı belirle
bulunduğu yeri belirlemek
haritada bulunduğum yeri belirlemek
bulunduğum noktayı belirlemek
ip'ya göre bulunduğum yeri belirlemek
benim vücudumun bulunduğu yerden
bulunduğum yerden
haritayı aç ve beni bul lesya
haritada bulunduğum yeri aç
haritayı aç ve bulunduğum yeri göster
biysk haritasını aç ve bulunduğum yeri göster
bulunduğum yeri hakkında bilgiler nereden
nazarovo'da bulunduğumu nereden biliyorsun
panko nerede bulunuyorum
kötü çalışıyor nerede bulunduğumu bile bilmiyorum
hangi adreste bulunuyorum
hangi adreste şimdi bulunuyorum
bulunduğum yeri haritaya göre belirlemek
koordinatlara göre bulunduğu yeri belirle
bulunduğum yeri tekrar et
şimdi bulunduğum adresi söyle
şimdi nerede bulunduğumu söyle
nerede bulunduğumu söyle
bana nerede bulunduğumu söyle
lütfen nerede bulunduğumu söyle
söyle lütfen nerede bulunuyorum simferopol bölgesinde çistenkoye'de yakında nerede bulunuyor
düşün ve söyle şimdi nerede bulunuyorum
söyle lütfen şimdi neredeyim haritayı aç
şimdi bulunduğum adresi göster
şimdi bulunduğumuz yeri göster
nerede olduğumu göster
haritada nerede olduğumu göster
şimdi nerede olduğumu göster
beni göster
beni haritada göster
şimdi haritada nerede olduğumu göster
bulunduğum yeri bana göster
şimdi bulunduğum yeri bana göster
nerede durduğumu haritada göster
navigasyon cihazı nerede olduğumu bana göster
lütfen haritada nerede olduğumu göster
bulunduğum yeri uydudan göster
haritada bulunduğum yeri göster
haritada bulunduğumuz yeri göster
haritada şimdi bulunduğum yeri göster
haritada beni göster
lütfen haritada yaşadığım yeri göster
şimdi bulunduğum yeri gösterin
şimdi bulunduğum yeri gösterin jeokonumu
nerede bulunduğumu göstermek
şimdi nerede bulunduğumu göstermek
haritada bulunduğum yeri göstermek
haritada bulunduğum yeri uydudan göstermek
evimi haritada göstermek
haritada bulunduğum yeri göstermek altayskiy kray mamontovo bölgesi krestyanka köyü
bana göre kazbek bölgesinde bulunuyorum
jeokonuma göre şimdi bulunduğum yere bakmak
nerede bulunduğumu bak hangi irkutsk
hangi sokakta bulunduğumu bak
haritaya göre bulunduğum yere bak ve göster
koordinatlarımı daha doğru bilmek
niçin bulunduğum yeri söylemiyorsun
anne niçin bulunduğum yeri söylemiyorsun
niçin ramenskiy bölgesinde bulunuyorum
mükemmel şimdi ne olacak nerede bulunuyorum
selam alisa şu anda nerede bulunuyorum
selam alisa şimdi nerede bulunduğumu söyle
selam şimdi nerede bulunduğumu biliyor musun
selam şimdi nerede bulunuyorum
gps'e göre bulunduğum yeri kontrol et
nerede yaşıyorum anlat
lütfen nerede bulunduğumu anlat
saşa neredeyim
şimdi nerede hangi sokakta
şimdi bulunuyorum
şimdi neredeyim
bir köy asadullaeviç beni bul
hemşire neredeyim
siri nerede bulunuyorum
şimdi neredeyim söyle
adresimi söyle
hangi şehirde bulunuyorum söyle
nerede bulunuyorum söyle
şimdi nerede duruyorum söyle
nerede bulunuyorum söyle gps cihazı kullanmıyarak
