istanbul kaç kilometre	64
ankara kaç kilometre	47
bursa kaç kilometre	39
çanakkale kaç kilometre	38
antalya kaç kilometre	33
konya kaç kilometre	32
adana kaç kilometre	26
izmir kaç kilometre	23
kuşadası kaç kilometre	23
denizli kaç kilometre	19
bolu kaç kilometre	19
kars kaç kilometre	17
afyon kaç kilometre	17
batman kaç kilometre	16
yalvaç kaç kilometre	16
kayseri kaç kilometre	16
samsun kaç kilometre	16
manisa kaç kilometre	16
gebze kaç kilometre burdan	14
kastamonu kaç kilometre	14
eskişehir kaç kilometre	14
istanbul havalimanı kaç kilometre	14
balıkesir kaç kilometre	14
gebze kaç kilometre	14
ordu kaç kilometre	14
urfa kaç kilometre	14
adapazarı kaç kilometre	13
topkapı kaç kilometre	13
tokat erbağ kaç kilometre	13
çakaltepe manisa soma kaç km	12
diyarbakır kaç kilometre	12
tokat kaç kilometre	12
gölcük kaç kilometre	12
sakarya kaç kilometre	12
ısparta yalvaç kaç kilometre	11
gaziantep kaç kilometre	11
sivas kaç kilometre	11
düzce kaç kilometre	11
aksaray kaç kilometre	11
menemen kaç kilometre	10
erzurum kaç kilometre	10
ankaraya kaç kilometre	10
uşak sarı dere köyü kaç kilometre	10
istanbul gaziosmanpaşa kaç kilometre	10
esenyurt talatpaşa cevahir avm nerede ne kadar	10
yalova kaç kilometre	10
opet benzinlik kaç kilo metre sonra	10
diyarbakıra kaç km	10
başakşehir şahintepe mahallesi kaç kilometre	10
merterde hisarüstüne ne kadar da	10
sultanbeyli kaç kilometre	10
feribot iskelesi dolaşmak ne kadar sürer	9
çanakkale kepez kaç kilometre	9
malatya kaç kilometre	9
mersin kaç kilometre	9
tekirdağ kaç kilometre	9
kütahya kaç kilometre	9
zonguldak merkez kaç kilometre	9
ankara kurşunlu kaç km	9
rize kaç kilometre	9
e 6 esenyurt kaç kilometre	9
trabzon kaç kilometre	9
çankırı bolu devlet karayolu kaç kilometre	9
bilecik kaç kilometre	9
gelibolu kaç kilometre	8
tekirdağ çorlu kaç kilometre	8
mardin kaç kilometre var	8
kırklareli kaç kilometre	8
edirne kaç kilometre	8
manavgat sinop kaç kilometre	8
petrol ofisi kaç kilometre	8
atatürk havalimanı kaç kilometre	8
aydın kaç kilometre	8
niğde kaç kilometre	8
ankaraya kaç kilometre var	8
van kaç kilometre	8
çerkezköy kaç kilometre	8
esenyurt kaç kilometre	8
çorum kaç kilometre	8
zonguldak kaç kilometre	7
bolu kaç saatte gideriz	7
kahramanmaraş kaç kilometre	7
alibeyköy kaç kilometre	7
şanlıurfa kaç kilometre	7
kastamonu azdavay kaç saat	7
amasya kaç kilometre	7
ağrı doğubeyazıt kaç kilometre	7
karabük kaç kilometre	7
atatürk havalimanı kaç dakika	7
bursa inegöl kaç kilometre	7
bodrum kaç kilometre	7
ankaraya kaç kilometre kaldı	7
ümraniye şile muayene istasyonu kaç kilometre	6
yeşiller plastik iş merkezi buraya kaç metredir	6
merzifon kaç kilometre	6
taksim kaç kilometre	6
mardin kaç kilometre	6
bandırma kaç kilometre	6
kayseri ne kadar	6
kazakistan çimkent kaç kilometre	6
doğubeyazıt kaç kilometre	6
bulunduğum yerden topkapıya kaç kilometre	6
sinop kaç kilometre	6
izmit kaç kilometre	6
alanya kaç kilometre	6
izmir foça kaç kilometre	6
selimpaşa kaç kilometre	5
mahmutbey gişeler kaç dakika	5
elmadağ kayak merkezi kaç kilometre	5
en yakın petrol kaç kilometre	5
çatalca kaç kilometre	5
istanbula kaç kilometre kaldı	5
akalan ortaköy kaç kilometre	5
sungurlu kaç kilometre	5
anıtkabir kaç kilometre	5
kartepe kaç kilometre	5
gölbaşı kaç kilometredir	5
kartal kaç kilometre	5
arnavutköyden bağcılar kaç kilometre	5
istanbul esenyurt kaç kilometre	5
istanbul bostancı kaç kilometre	5
arnavutköy kaç kilometre	5
safranbolu kaç kilometre	5
malkara kaç kilometre	5
mersin erdemli kaç kilometre	5
eski garaj kaç kilometre	4
manisa ahmetli kaç kilometre	4
tosya kaç kilometre	4
mahmut bey kaç dakika	4
beylikdüzü kaç kilometre	4
kırşehir kaç kilometre	4
şirinevler kaç dakika	4
bodrum bartın kaç kilometre	4
kocaeli kaç kilometre	4
keşan kaç kilometre	4
üsküdar kaç saat	4
ümraniye kaç kilometre	4
büyük sinekli kaç kilometre	4
istanbul lüleburgaz kaç kilometre	4
inegöl kaç kilometre	4
çorlu kaç kilometre	4
osmancık kaç kilometre	4
otobana kaç kilometre kaldı	4
istanbul şişli kaç kilometre	4
esenyurt kaç dakika	4
pendik kaç kilometre	4
kayakışla kaç kilometre	4
sincan kaç kilometre	4
kastamonu tosya kaç kilometre	4
fethiye kaç kilometre	4
sakarya kaynarca kaç kilometre	4
sakarya korucuk kaç kilometre	4
kara keçili kaç kilometre	4
gül kaç kilometre	4
ankaraya ne kadar yolumuz kaldı	4
ataşehir kaç kilometre	4
hatay kaç kilometre	4
izmit otogarı sesli kaç kilometre	4
antakya kaç kilometre	4
izmir seferihisar kaç kilometre	3
izmir ışıkkent kaç kilometre	3
uşak organize sanayi bölgesi kaç kilometre	3
sapanca kaç kilometre	3
izmir gaziemir kaç kilometre kaldı	3
sancaktepe kaç kilometre	3
ataşehire kaç dakikada	3
adıyaman kaç kilometre	3
habipler kaç dakika	3
izmir dikili kaç kilometre	3
adliye kaç kilometre	3
kadıköy kaç kilometre	3
gümüşler kavşağı kaç kilometre	3
sertavul kaç kilometre	3
siirt kaç kilometre	3
silivri kaç kilometre	3
ivedik kaç kilometre	3
sakarya terminal kaç kilometre	3
afyon karahisar kaç kilometre	3
antalya istanbul kaç kilometre	3
gölbaşı kaç kilometre	3
giresun kaç kilometre	3
afyon kaç saat	3
gazipaşa antalya kaç kilometre	3
karasu gebze kaç kilometre	3
karasu kaç kilometre	3
fatih sultan mehmet köprüsüne kaç dakikada gidebilirim	3
fatih kaç kilometre	3
kartal uğur mumcu kaç dakika	3
etiler kaç dakika	3
kastamonu bozkurt kaç kilometre	3
torbalı kaç kilometre	3
afyonkarahisar kaç kilometre	3
riva kaç kilometre	3
kavacık mezarlığı kaç dakika	3
kaynarca kaç dakika	3
polatlı kaç kilometre	3
hendek kaç kilometre	3
istanbula ne kadar kaldı	3
kayseri kaç kilometre kaldı	3
kayseriye kaç kilometre kaldı	3
siverek kaç kilometre	3
erzincan kaç kilometre	3
ereğli kaç kilometre	3
erenköy kaç kilometre	3
elazığ kaç kilometre	3
istanbul pendik kaç kilometre	3
çeşme ne kadar var	3
bafra kaç kilometre	3
çorum osmancık kaç kilometre	3
datça kaç kilometre	3
dalyana kaç kilometre kaldı	3
dalya kaç kilometre	3
aksaray kaç kilometre buraya aksaray kaç kilometre	3
istanbul mahmutbey kaç kilometre	3
nevşehir kaç kilometre	3
istanbul kaç saat sürüyor	3
antep kaç kilometre	3
bursa iznik kaç kilometre	3
bakırköy kaç dakika	3
balıkesir akçay kaç kilometre	3
istanbul kaç kilometre kaldı	3
iskenderun kaç kilometre	3
muğla kaç kilometre	3
keçiören kaç kilometre	3
ılgaz kaç kilometre	3
tuzla kaç kilometre	3
konya akşehir bulunduğumuz yerden kaç kilometre	3
istanbul hadımköy 10. yıl kaç kilometre kaç kilometre	3
ısparta kaç kilometre	3
balıkesir bandırma kaç kilometre	3
burdur kaç kilometre karayolu	3
bulunduğumuz yer sakarya kaç kilometre	3
tekirdağ yeniçiftlik kaç kilometre	3
balıkesir orjan kaç km	3
turgutlu kaç kilometre	3
şanlıurfa kaç kilometre kaldı	3
şile kaç kilometre	3
şile kaç km	3
beypazarı kaç kilometre	3
kızıltepe kaç kilometre	3
marmaris kaç kilometre	3
levent kaç dakika	3
beylikdüzü kaç dakika	3
lüleburgaz kaç kilometre	3
beykoz akbaba kaç kilometre	3
benzinlik kaç kilometre kaldı	3
mahmutbey gişeler kaç dakikada gidebilirim	3
maraş kaç kilometre	3
bayrampaşa kaç dakika	3
manisa turgutlu kaç kilometre	3
tokat niksar kaç kilometre	3
manisa alaşehir kaç kilometre	2
manisa akhisar kaç kilometre	2
manisa balıkesir kaç kilometre	2
alemdağ kaç kilometre	2
malatya pütürge kaç kilometre	2
malatya arapgir kaç kilometre	2
mahmutbey gişeleri kaç dakika sürüyor	2
mardin kızıltepe kaç kilometre	2
altın şehir kaç dakikada gidebilirim	2
libadiye burdan ne kadar uzaklıkta	2
mardin midyat kaç kilometre	2
marmara ereğlisi kaç kilometre	2
maslak kaç dakika	2
kırklareli merkez kaç kilometre	2
kıraç kaç kilometre	2
küçükçekmece kaç dakika	2
akşehir çakıllar mahallesi kaç kilometre	2
amasya merkez kaç kilometre	2
mersin kaç kilometre mersin	2
küba kaç kilometre	2
köfteci yusuf ne kadar var	2
amerika kaç kilometre	2
kurşunlu kaç kilometre	2
kumbağ kaç kilometre	2
mersine kaç kilometre	2
konyaya kaç dönüm	2
konya merkez kaç kilometre	2
konya kaç kilometre karayolu	2
ankara ankara kaç kilometre kaldı	2
konya ereğli kaç kilometre	2
akçatekir karboğazı ne kadar var	2
kilis kaç kilometre	2
kentpark buraya kaç kilometre	2
kemerburgaz kaç kilometre	2
akçabat kaç dakika	2
murat kaç kilometre kaldı göster	2
mustafapaşa kaç kilometre	2
akseki bademli kaç kilometre	2
ne kadar kaldı yolumuz atatürk havalimanı	2
ne kadar süre sonra veri caddesi	2
nusaybinde çalpınar köyü kaç kilometredir	2
okmeydanı kaç kilometre	2
oltu kaç kilometre	2
ordu akkuş kaç kilometre	2
ordu otogar kaç kilometre	2
osmancık kaç kilometre var	2
ankara kaç kilometre var	2
osmaniye kaç kilometre kaldı	2
ankara keçiören kaç kilometre	2
akhisar kaç kilometre	2
otogar kaç kilometre	2
otogara kaç kilometre var	2
pamukkale kaç kilometre	2
pekmezli mahallesi kaç kilometre	2
akbatı kaç kilometre	2
kayseri organize sanayi kaç kilometre	2
pendik güzelyalı kaç kilometre	2
ankara merkez kaç kilometre	2
pendik ümraniye kaç dakika	2
ankara ne kadar kaldı	2
pınarhisar kaç kilometre	2
kastamonu kaç kilometre var	2
kastamonu kaç kilometre kastamonu kaç kilometre	2
sabiha gökçen kaç dakika	2
kartepe ne kadar kaldı	2
kartepe kaç km	2
kartalkaya kaç kilometre	2
safran termal kaç kilometre kaldı	2
safran termal otel kaç kilometre kaldı	2
afyon çay kaç kilometre	2
ankara stadyuma ne kadar kaldı	2
kargı kaç kilometre	2
karasu taşlıgeçit camii kaç kilometre	2
sahil ne kadar	2
sait çiftçi hastanesi kaç kilometre	2
ankara yenidoğan kaç kilometre	2
ankara yenimahalle kaç kilometre	2
afyon kaç kilometre kaldı	2
ankara çanakkale kaç kilometre	2
salihli kaç kilometre	2
kamyonetin kaç kilometre	2
samsun bafra kaç kilometre	2
kadıköy moda kaç dakika	2
samsun hopa kaç kilometre	2
kadıköy kaç dakikada gidebilirim	2
iğne ada kaç kilometre	2
iznik kaç kilometre	2
sandıklı kaç kilometre	2
sapanca gölü ne kadar kaldı	2
saruhanlı kaç kilometre	2
izmire kaç kilometre var	2
izmire kaç kilometre	2
izmir kaç saat kaldı	2
izmir kaç kilometredir	2
sefaköy kaç dakika	2
seferihisar kaç kilometre	2
seyrantepe eğitim araştırma hastanesi kaç kilometre	2
silifke kaç kilometre	2
ivrindi kaç kilometre kaldı	2
simav kaç kilometre	2
simava kaç kilometre var	2
antalya kaç kilometre kaldı	2
istanbula ne kadar var	2
sivrihisar kaç kilometre	2
antalya mesafe ne kadar	2
sorgun kaç kilometre	2
istanbul mecidiyeköy kaç kilometre	2
istanbul maltepe kaç saat	2
sultanbeyli inden mimaroba papajon kaç kilometre	2
susurluk kaç kilometre	2
sümerpark avm kaç kilometre	2
istanbul kartepe kaç kilometre	2
istanbul kartal kaç kilometre	2
istanbul havaalanı kaç kilometre	2
tavas kaç kilometre	2
taşlıhöyük mahallesi kaç kilometre	2
istanbul güngören kaç kilometre	2
tekirdağ hayrabolu kaç kilometre	2
tekirdağ saray kaç kilometre	2
tekstilkent kaç dakika	2
ardahan kaç kilometre	2
tesisleri kaç kilometre	2
tokat alnus kaç kilometre	2
arnavutköy devlet hastanesi kaç kilometre	2
trabzon değirmendere kaç kilometre kaldı	2
tuzla karasu kaç kilometre	2
artvin yusufeli kaç kilometre	2
ipsala kaç kilometre	2
aslanapa kaç kilometre	2
inegöl bursa otobüs garajı kaç kilometre	2
ikitelli masko kaç dakika	2
idealtepe kaç dakika	2
hız sınırı kaç kilometre	2
urfa kaç km	2
hopa kaç kilometre göster	2
atatürk bulvarının kaç kilometre kaldı	2
atatürk havaalanı kaç kilometre	2
urla devlet hastanesi kaç kilometre	2
uzunköprü kaç kilometre	2
havalimanına kaç dakika kaldı	2
atatürk havalimanına ne kadar kaldı	2
hatay kaç kaç kilometre	2
hatay dörtyol kaç kilometre	2
hatay altınözü kaç kilometre	2
harem kaç kilometre	2
hani diyarbakır kaç kilometre	2
uşak ne kadar uzaklıkta	2
uşak tekstil organize kütahya kaç kilometre	2
vadi istanbul kaç kilometre	2
hadımköy kaç kilometre	2
güre kaç dakikada	2
gümüşler aşağı kaç kilometre	2
gümüşhane kaç kilometre	2
varış noktasına kalan mesafe nişantaşı	2
gönen kaç kilometre gönen	2
gönen kaç kilometre	2
gölcük kaplıcalar kaç kilometre	2
avcılar kaç kilometre	2
gişeleri ne kadar var	2
gerger kızıltepe kaç kilometre	2
gerede kaç kilometre kaldı	2
gerede kaç kilometre	2
gerede kaç dakika var	2
gebze tübitak kaç kilometre	2
gebze topçular kaç kilometre	2
gebze kaç kilometredir	2
gebze feribotu kaç kilometre	2
yavuz sultan selim köprüsü kaç kilometre	2
avrasya tüneli kaç dakika sürer	2
yavuz sultan selim köprüsü silivri kaç kilometre	2
avrasya türünden kaç dakika	2
yeni havaalanı kaç kilometre	2
yenibosna kaç kilometredir	2
yeniköy kaç dakika	2
fatih sultan mehmet köprüsü kaç kilometre	2
yeşilyurt kaç kilometre	2
fatih kaç dakka	2
ayder yaylası kaç kilometre	2
yozgat kaç kilometre	2
yunanistan kaç kilometre	2
eskişehir kaç kilometre kaldı	2
yunanistanda kaç kilometre var	2
eskişehir en kısa mesafe	2
eskihisar kaç kilometre	2
yusufeli kaç kilometre	2
yüksekova ağrı kaç kilometre	2
yüksekovaya kaç kilometre	2
aydın kuşadası kaç kilometre	2
yürüyüş mesafesi	2
aydın nazilli kaç kilometre	2
esenler otogarı kaç dakika	2
esenler kaç kilometre	2
esenler kaç dakika	2
zonguldak kaç km	2
zonguldak çaycuma kaç kilometre	2
erbaa kaç kilometre	2
enez kaç kilometre	2
çamlıkahve kaç kilometre	2
en yakın bp kaç kilometre	2
ayvalık altınova mahallesi kaç kilometre	2
en yakın benzinci kaç kilometre	2
4 levent kaç dakika	2
emiroğlu kaç kilometre	2
çanakkale gelibolu kaç kilometre	2
çankırı bayramören karakuzu köyü kaç kilometre	2
düzce ümraniye kaç kilometre	2
çata kaç kilometre kaldı	2
ağrı kaç kilometre	2
dücane kadar	2
dudullu kaç kilometre kaldı	2
çilimli kaç kilometre	2
dinar kaç kilometre	2
çorum iskilip kaç kilometre	2
didim kaç kilometre	2
diamond beach otele ne kadar kaldı	2
denizli merkez kaç kilometre	2
çoruma kaç kilometre var	2
delice güney ne kadar kaldı	2
darıcayakaç kilometre var	2
çukur kaç kilometre	2
caddesi malkaçoğlu mahallesi	2
caddebostan migros kaç kilometre	2
büyükçekmece kaç saat büyükçekmece büyükçekmece kaç saat	2
özbekistan kaç kilometre	2
bursa uludağ kaç kilometre	2
bursa terminal kaç kilometre	2
özbekistana kaç kilometre	2
bursa kemalpaşa kaç kilometre	2
bursa karacabey kaç kilometre	2
ümraniye merkez kaç dakika	2
ürgüp kaç kilometre	2
üsküdar kaç dakika	2
ılgaz tüneli kaç kilometre var	2
burdur merkez kaç kilometre	2
ıspartakule bizimevler temden kaç dakika	2
burda ankara kaç kilometre	2
buradan yalova kaç kilometre	2
buradan muğla didim kaç kilometre	2
ığdır kaç kilometre	2
buradan mekke kaç kilometre	2
ışıkkent turgutlu kaç kilometre	2
balıkesir kaç km	2
bulunduğumuz yerden aliağa kaç kilometre	2
bulunduğum yerden yumurtalık kaç kilometre	2
bulunduğum yerden maraşal kaç kilometre var	2
bulunduğum yerden bursa kaç kilometre	2
bornova kaç kilometre	2
boluya ne kadar var	2
balıkesire kaç kilometre	2
boluya kaç kilometre kaldı	2
bolu tüneli kaç kilometre	2
bolu seben göleti kaç kilometre	2
bolu merkez kaç kilometre	2
şile muayene istasyonu burdan kaç kilometre	2
şirinevler gitmek istiyorum kaç kilometre	2
bingöl kaç kilometre	2
şişliye kaç dakikada gidebilirim	2
şok market ne kadar	2
beşiktaş stadı kaç dakika	2
beşiktaş kaç kilometre	2
beşiktaş kaç dakika	2
şu an antepe kaç 4	2
1. boğaz atatürk havalimanı kaç kilometre	2
şu an gaziantepe kaç dakika var	2
şu anki otobandan mesafe ne kadar	2
benzin istasyonu mesafe	2
benzin istasyonu kaç kilometre	2
benzin istasyonu buraya kaç mesafe	2
başakşehir kaç kilometre	2
bağcılar reşadiye kaç kilometre	2
bartın kaç kilometre	2
bağcılar kaç kilometre	2
bağcılar ateştuğla en kısa mesafesi	2
salihli bitlis kaç kilometre uzaklıkta	2
libadiye burdan ne kadar uzaklıkta	2
uşak ne kadar uzaklıkta	2
burdan mersin arası kaç kilometre	1
batman büyük sanayi kaç kilometre	1
batmana kaç kilometre kaldı	1
batum kaç kilometre	1
batı ataşehir ataşehir kaç km	1
batı ataşehir kaçta	1
batıkente ne kadar zamanda vardınız	1
bayattan ankaraya ne kadar	1
bayburt kaç kilometre	1
bayram kaç kilometre	1
bayramiç evciler kaç kilometre	1
bayrampaşa akis kaç dakika	1
bayrampaşa beşyüzevler kaç dakika sürer	1
bayrampaşa kaç kilometre	1
bayramtepe kaç kilometre	1
barış manço müzesi ne kadar kaldı	1
bağcılar ateştuğla en kısa mesafe	1
bağcılar güneşliye saat kaç	1
bağcılar güngören kaç kilometre	1
bağcılar istanbul kaç kilometre	1
bartın mesafe	1
bağcılar meydandan bağcılar parseller ne kadar kaç kilometre	1
bartın karasu kaç kilometre	1
bağcılar tahmini kaç dakika	1
bağcılar taksi durağı kaç kilometre	1
bağdat caddesine kaç dakkası çıkacağız tarafından götürcen kaç dakikada gideriz	1
bağlarbaşı kaç kilometre	1
başakşehir devlet hastanesi kaç kilometre	1
başakşehir metrokent 3. havava istanbul havalimanı kaç kilometre	1
bebek kaç dakika	1
belgrad ormanı kaç kilometre	1
besni devlet hastanesi kaç dakika sürer	1
beykoz riva kaç kilometre	1
beylikdüzü beyaz evler kaç kilometre	1
beylikdüzü devlet hastanesinin mesafesi	1
beylikdüzü en kısa mesafe	1
beylikdüzü kaç dakika şu anda	1
bandırmaya ne kadar kaldı	1
beylikdüzü seseka kaç kilometre	1
beylikdüzü ssk kaç kilometre	1
beylikova halilbağı köyü kaç kilometre	1
beylikova yeniyurt köyü kaç kilometre	1
beypazarı nöbetçi eczane hangisi akçay kaç kilometre	1
beypazarı nöbetçi eczane hangisi açık kaç kilometre	1
beşiktaş arena kaç dakikada gidebilirim	1
beşiktaş conrad otel kaç dakika	1
beşiktaş kaç kilometredir	1
beşiktaş kornat oteli kaç dakikaya	1
bandırma osb buğdaylı taştepe kaç kilometre	1
beşiktaş ulus adnan saygun caddesi ne kadar	1
bigadiç kaç kilometre	1
bilecik merkez en kısa mesafe	1
bilecik merkez en kısa mesafe şu anda	1
bilecik merkez en kısa yol mesafe	1
bilecik merkez kaç kilometre	1
bilecik merkeze en yakın mesafe	1
bilecik merkezi şu anki konumumdan en kısa mesafe	1
bilecik söğüt kaç kilometre	1
bitlis hizan kaç kilometre	1
bitlis kaç kilometre	1
bitlis tatvan kaç kilometre	1
bizim evler kaç dakikada varırız	1
benzin istasyonu kaç kilometre burdan	1
benzin istasyonuna kaç kilometre var	1
benzinci buraya nekadar mesafe	1
benzinlik kaç kilometre	1
bodrum merkez kaç kilometre	1
bolu araştırma hastanesi kaç kilometre	1
bolu burdan kaç kilometre	1
bolu dağı kaç kilometre	1
banaza kaç kilometre var	1
bana en yakın opet kaç kilometre	1
bolu tüneli ne kadar var	1
bolu tünelinde ne kadar var	1
balıklı kaç km	1
bolvadin kaç kilometre	1
bomonti ibis otel kaç dakika gösteriyor	1
bor kaç kilometre	1
bortar petrol ofisi kaç kilometre	1
borusan istinye kaç kilometre	1
bostancı kaç dakikada	1
bostancı kaç saatte	1
boyabat kaç kilometre	1
boyabata gitmek istiyorum kaç kilometre	1
boyar kaç kilometre kaç kilometre	1
bozyazı öğretmenevi kaç metre	1
bozüyük kaç kilometre var	1
bozüyük kaç kilometredir	1
boğaz köprüsü geçiş kaç dakika	1
boğaz köprüsü kaç kilometredir	1
boğazköy kaç kilometre	1
bp kaç kilometre	1
bremen kaç kilometre	1
has plastik buradan ne kadar uzakta	1
ingiltere kaç kilometre uzaklıkta	1
istanbul burdan kaç kilometre uzakta	1
iş bankası ne kadar uzaklıkta	1
kars kaç kilometre uzaklıkta	1
kartepe kaç kilometre uzak	1
kaç kilometre uzakta petrol	1
libadiye ne kadar uzaklıkta	1
kızılçeşme ne kadar uzak	1
mecidiyeköye ne zaman içerisinde ulaşabilirim	1
ne zaman hürriyet mahallesi mithat caddesi no 72 kartal	1
bulunduğum yer esenyurt meydan kaç dakika sürer	1
opet ankarada kaç kilometre uzak	1
ortaköy ne kadar uzaklıkta	1
real life evlerine ne zaman geleceğiz	1
satmazlı 7 istanbul kaç saat uzak	1
tamam ne zaman gebze	1
afganistan ne kadar kilometre uzakta	1
abdi ipekçi kaç kilometre uzaktır	1
şok market ne kadar uzaklıkta	1
üsküdara ne zaman variriz	1
ümraniye kaç kilometre uzaklıkta	1
çerkezköy ne kadar uzaklıkta	1
bulunduğum yerden altunizade kadar kaç kilometre var	1
bulunduğum yerden amasya maya fabrikası kaç kilometre	1
bulunduğum yerden bucak kaç kilometre	1
bulunduğum yerden demirköprü kaç kilometre var	1
bulunduğum yerden gaziantep kaç kilometre	1
bulunduğum yerden iskenderuna kadar kaç kilometre var	1
bulunduğum yerden kayseri kaç kilometre	1
bulunduğum yerden kayseri kaç kilometredir	1
bulunduğum yerden kocaeli derince kaç kilometre	1
bulunduğum yerden sultanbeyli ne kadar	1
bulunduğumuz yer düzce kaç kilometre	1
balıkesir kaç saat	1
bulunduğumuz yerden avcılar kaç dakika	1
bulunduğumuz yerden izmir kaç kilometre	1
bulunduğumuz yerin avcılar kaç dakika	1
buradan ankara havalimanına ne kadar kilometre	1
buradan ankara kaç kilometre	1
buradan bademlik kaç kilometre	1
buradan bağlarbaşı kaç kilometre	1
buradan bursa kaç kilometre sürer	1
buradan gebze kaç kilometre	1
buradan halkalı kaç kilometre	1
buradan istanbula kaç kilometre	1
buradan izmir menemen kaç kilometre	1
buradan kadıköy kaç kilometre	1
buradan karşıyaka kaç kilometre	1
buradan kayseri tugay komutanlığı kaç kilometre	1
buradan kocaeli kaç kilometre	1
buradan mardin kaç kilometre	1
buradan mardine kadar kaç kilometre var	1
balıkesir kaz dağları kaç kilometre	1
buradan nara tekstil kaç kilometre	1
buradan samsun kaç kilometre	1
buradan tokat merkez kaç kilometre	1
balıkesir görükle kaç kilometre olduğunu öğrenebilirmiyim bursa görükle	1
buradan çaldıran kaç kilometre	1
buradan şişliye ne kadar sürede vara bilirim	1
buraya en yakın türk telekom kaç metre	1
burda karayazı gitmek kaç kilometre	1
burda midyat kaç kilometre	1
burda mudanya kaç kilometre	1
burdan afyona kaç kilometre var	1
burdan akşehir karayolu kaç kilometre	1
burdan amasya kaç kilometre	1
burdan ankara polatlı kaç kilometre	1
burdan ankaraya kaç kilometredir	1
burdan arnavutköy in muane istasyonu kaç dakika sürer	1
burdan atatürk havalimanı kaç kilometre	1
burdan bartın kaç kilometre	1
burdan batmana kaç saat sürer	1
burdan bursa kaç kilometre var	1
burdan cevahir iş merkezi kaç kilometre	1
burdan erzurum kaç kilometre	1
burdan erzuruma gitmek için kaç kilometre	1
burdan gebze kaç kilometre	1
burdan istanbul giresun çamoluk köyüne kaç kilometre	1
burdan istanbul maltape kader ne kadar yolu var	1
