neredeyim	171
ben nerdeyim	160
nerede	114
burası neresi	106
nerdeyiz	92
neredeyiz	71
konumum	61
neresi	56
nerdeyim	55
şuan nerdeyim	51
ben neredeyim	49
bulunduğum yer	40
konum	39
biz nerdeyiz	35
şu an neredeyim	34
ben nerede	34
şuan nerede	31
nerde	28
burası tam olarak neresi	24
şuan nerdeyiz	22
neredeyim ben	21
şu anda nerdeyim	21
şu anki konumum	19
şu anda neredeyiz	18
biz neredeyiz	16
şimdi neredeyim	15
neredeyim şu anda	15
şu an nerdeyiz	14
şu anda neredeyim	14
ben şu an neredeyim	14
konum gönder	13
konumumu bul	12
bulunduğum yer neresi	12
şu an nerdeyim	12
ben şu anda nerdeyim	12
gaziantep nerede	10
burası burası neresi	10
şuanda nerdeyiz	10
ben neredeyim amerika gitcem yolu göster	10
konum nasıl atılır	10
araba nerede	9
ben şu an nerdeyim	9
tam olarak adresi neresi	8
nerdeyiz biz	8
ulus sokak mevcut konum	7
konum bildir	7
yer nerde	7
konumum kapat	6
konumu kaydet	6
konum paylaş	6
şu anda ben nerdeyim	6
nerdeyiz şimdi	6
konum belirle	6
bulunduğum yeri göster	6
konum at	6
neredeyiz şu anda	6
neresi neresi	6
ben nerdeyim şuan	6
bura neresi	6
benim arabam nerde	6
ben şu anda neredeyim	6
bulunduğum yerin mahallenin ismi	5
bulunduğumuz yer	5
ben neredeyim istanbula gitcem yolu göster	5
şu an ben nerdeyim	5
manavgatta şu anki bulunduğum nokta	5
konumumu göster	5
nerede olduğumuzu söyler misin	5
konumumu belirle	5
nerdeyiz şimdi konuş	5
şu anki konumum neresi	5
konumum neresi	5
olduğumuz yeri konum at	5
nerdeyim lan ben	5
şu anki bulunduğum nokta	5
burası nere	5
şu anda bulunduğumuz yer	5
bulunduğum yer esenyurt meydan	5
şu anda bulunduğum yer	4
araban nerede	4
haritalardan konumu gösterir misin	4
çorbacı nerede var	4
muz neresi	4
bim nerede	4
bulunduğum yerden	4
bulunduğum konum	4
şu an bulunduğum yer	4
şuanda ben nerdeyim	4
şimdi neredeyiz	4
bulunduğum yerin adresi	4
şimdi ben nerdeyim	4
neredeyiz şu an	3
ben nerdeyim şimdi	3
bulunduğumuz yer neresi	3
nereye geldik	3
konum atmak	3
sesli konum aç	3
nerede bu	3
nere	3
şu an bulunduğum yer neresi	3
nerdeyim şuan	3
tam olarak nerede	3
şu anda biz nerdeyiz	3
konum zaman çıktı yandex	3
arabam nerde	3
şu anda bulunduğum cadde	3
nerden biliyorsun	3
benim bulunduğum yer neresi	3
trabzon yoluna nerden gireceğiz	3
giriş nerede	3
tam neredeyiz	3
şu anki konumu işaretle	3
bulunduğum istikameti barajına	3
şu anki konumumu kaydet	3
yandex navigasyon ben nerdeyim	3
konumumu kaydet	2
mevcut konum	2
konumu görüyor musun	2
konumu bul	2
konumdan	2
araban nerede göster	2
nerdeyim ben	2
konum göster	2
nerdeyim ben şimdi	2
konum bul	2
konum bilgisi	2
nerededir	2
konum atma	2
konum ara	2
neredeyim ben şu an	2
neredeyim neredeyim	2
neredeyim şimdi	2
neredeyim şu an	2
neredeyiz biz	2
neredeyiz neredeyiz	2
neresi orası	2
nereye geldim	2
nereyi gösteriyor	2
gördün nerede	2
gelen konuma	2
gelen konum	2
olduğum konum neresi	2
sesli konum	2
adresi neresi	2
adresi nerede	2
tam olarak nerdeyim	2
ben neredeyim şimdi biz yağmura meyder zaman dedi onlar yoksa	2
ben neredeyim şu an	2
ben neredeyim şu anda	2
ben şimdi nerede	2
yandex bana konumumu gösterir misin lütfen	2
yerim neresi	2
benim konumumu belirle	2
burası neresi burası neresi	2
bulunduğumuz nokta	2
şimdi neredeyim konumum neresi	2
bulunduğum yeri gösterin	2
şu an ben neredeyim	2
bulunduğum yeri	2
şu an bulunduğum adresi sesli söyle	2
şu an burası nere	2
şu an konum	2
şu anda ben neredeyim	2
şu anda biz neredeyiz	2
şu anda konumumu indir	2
bulunduğum nokta	2
şu anda yer konumum neresi	2
bulunduğum mahalle ismi	2
şu anki konumum nedir	2
biz nerdeyiz şimdi	2
şu anki konumum nerede	2
şu anki konumumu belirle	2
bulunduğum istikameti	2
biz şu an nerdeyiz	2
bulunduğum adres	2
biz şuanda nerdeyiz	2
bulunduğum	1
biz şuan nerdeyiz	1
bulunduğum adres ney	1
bulunduğum adresi göster	1
bulunduğum bulvarın ismi	1
bulunduğum bölge	1
bulunduğum caddenin adı nedir	1
biz neredeyiz şu anda	1
biz neredeyiz neredeyiz	1
biz nerdeyiz tamam	1
bulunduğum konum baki sokak numarası nedir	1
bulunduğum konum neresi	1
bulunduğum konum paylaş	1
bulunduğum konumu	1
bulunduğum konumu göster	1
bulunduğum konumu gösteriniz	1
bulunduğum konumu işaretle	1
bulunduğum konumu işaretli	1
bulunduğum konumu kaydet	1
bulunduğum konumum rakamı nedir	1
biz nerdeyiz biz neredeyiz	1
bulunduğum mahalle ebu	1
biz nerdeyiz biz nerdeyiz	1
bulunduğum mahallenin adı ne	1
bulunduğum merkez	1
bulunduğum mevki	1
bulunduğum mevkiine konumu	1
biz biz biz şu an nerdeyiz	1
bitsin neresindeyim	1
bulunduğum nokta neresi	1
bulunduğum noktayı kaydet	1
bulunduğum semt	1
bilmem ne bilmem ne bilmem neresi bilmem	1
bildirir misin burası neresi	1
beşeri nerdeyim	1
bulunduğum yeri göster bulunduğum yeri göster	1
bulunduğum yeri haritada göster	1
bulunduğum yeri işaretle	1
bulunduğum yerin adresi neresi	1
bulunduğum yerin adresi olarak geçiyor	1
bulunduğum yerin konumu	1
bulunduğum yerin konumunu gösterir misin	1
bulunduğum yerin koordinatları	1
bulunduğum yerin neresidir	1
bulunduğumuz konum	1
bulunduğumuz konum hangi mahalle	1
bulunduğumuz konum neresi	1
bulunduğumuz yerin adresi	1
benim tam konumumu bul	1
benim olduğum yer neresi	1
bura nere	1
benim olduğum bölge şu anda neresi	1
bura neresi kütahya	1
buradan nerden	1
benim olduğum bölge neresi	1
benim nerede olduğumu bildir	1
benim konumumu nasıl belirlenir	1
burası neresi lütfen	1
benim konumumu bildir	1
burhanın konumunu yükle	1
benim konumum nerede	1
bursa konum	1
benim konumum işaretle işaretle	1
benim konumum benim konumum	1
benim konumum	1
benim bulunduğum yer	1
beni bulunduğum yeri göster	1
beni bu konumu götür	1
daha çok var mı neresi burası	1
dan nerdeyim	1
ben şu anda nerdeyim kurtköy uydu kurtköy yenişehir	1
ben şu anda nerde bulunuyor mu	1
ben şu an nerdeyiz	1
ben şu an bulunduğum yeri göster	1
ben şimdi neredeyim	1
ben nerdeyim yandex	1
ben nerdeyim sen bunu 1 şekilde bi başkasına mutlaka duydun yani gelip sana söylemedim bunu bunu yapıyor değil çok haklısın	1
ben nerdeyim kastro	1
ben nerdeyim ben nerdeyim	1
esenşehir kurtuluş caddesi ben nerdeyim	1
evet neredeyiz	1
gelen konuma götür beni	1
gelen konuma sesli 1 şekilde götür beni	1
gelen konuma yönlendir	1
gelen konumu yönlendir	1
gelen konumum	1
gidilen yer neresi	1
göster bana nerde	1
babası nerdeyim şu an	1
işe nerdeyim ya	1
konum adres	1
konum açılsın	1
konum belirleme	1
konum bildir neredeyim	1
konum doğrula	1
konum nerdeyiz	1
konum olarak tam nerede	1
konum paylaşmak	1
konum yolla	1
konuma	1
konuma beni götür	1
konuma beni yönlendir	1
konumu ayarla	1
konumu haritada belirle konumu haritada bul	1
konumu konuşarak söyleyin	1
konumu paylaş	1
konumu söyler misin	1
avcılar konum	1
konumum açık adres	1
konumum açık adresini yazarmısın	1
konumum bul nerdeyim	1
konumum nedir	1
konumum nerede	1
konumumuz	1
konumumuz neredeyiz	1
konumunu olduğu yere	1
koordinatları bildir	1
koordinatları göster	1
kusura bakmayın şimdi biz nerdeyiz biz bu aralar benim	1
artık nerede	1
nerde olduğumu kafam karma	1
nerde olduğunu	1
aracı nerdeyim	1
araban nerde	1
nerdesiniz	1
nerdeyim nerdeyim	1
nerdeyim şu an	1
nerdeyim şu anda	1
nerdeyiz biz şeyden memnun olmuyor	1
nerdeyiz biz şu an	1
nerdeyiz yolu tarif et	1
nerdeyiz şimdi biz	1
nerede bu nerede	1
nerede bu yer	1
anlamadım tam olarak nerede	1
neredesiniz	1
neredeyim ben burda	1
neredeyim ben dedim	1
neredeyim göster	1
neredeyim nerede	1
neredeyim yaz yosunu	1
neredeyiz bildir	1
neredeyiz biz şimdi söyle bakalım yandex navigasyon	1
neredeyiz serhatlar sokak arnavutköy	1
neredeyiz yapmış	1
ananın mezarı nerede	1
anakent sitesi nerede	1
neredeyiz şu anda nerdeyim	1
neredeysen olarak	1
an neredeyim ben sen neredesin	1
neresi burası	1
an neredeyim	1
neresi neresi avcılar avcılar	1
neresi olduğunu tarif eder misin	1
amına koyayım nerdesin	1
neresi tam	1
neresidir	1
neresindedir	1
neresiydi	1
almanyada nerdeyim bul	1
olduğu yerin konumu	1
olduğum yer neresi	1
olduğumuz olduğum yeri konum ceyda	1
ora neresi	1
oradan nerdeyim	1
sana konum	1
sen nerede	1
suanki konum göster	1
tam konumum	1
tam konumum bul	1
tam olarak neredeyiz	1
tam olarak neresi	1
tam olarak nereye gideceğiz	1
tam olarak şu an neredeyim	1
tamam ben neredeyim	1
yerim nere	1
şimdi bulunduğum konum	1
şimdi nerdeyim	1
şimdi nerede	1
şimdi neredeyim ben 6 17 10 22 zararına çelik kredi rahman aman rakamlar böyle adalar falan bahsetmeyin	1
şimdi neredeyim ben o zaman	1
şimdi neredeyim ben senin bilmediğin yerde yoktu biliyor musun tavana vakko moda adana baktım vaktimiz açık biliyor musun dünya kadar	1
şimdi neredeyim istinye yakın	1
şimdi sen nerdesin	1
şimdiki konum	1
şirinevler nerdeyim	1
şu an araç nerede	1
şu an bulunduğum	1
şu an bulunduğum konum	1
şu an bulunduğum yer adres	1
şu an bulunduğum yer cadde	1
şu an bulunduğum yerden	1
şu an bulunduğum yere	1
şu an bulunduğumuz konumum nerede	1
şu an bulunduğumuz yer	1
şu an da oturdum konumum neresi	1
şu an konum göster	1
şu an neredeyim bana konum bildir konum bildir	1
şu an neredeyim ben	1
şu an neredeyim haritadan gösterir misin	1
şu an neredeyim navigon adresimi bildirir	1
şu an neredeyim trabzon	1
şu an olduğum konum neresi	1
şu an tam olarak nerdeyim	1
şu an yerim nerde	1
şu anda biz nerdeyiz biz uyumlu çanakkale	1
şu anda bulunduğum adres	1
şu anda bulunduğum konum	1
şu anda bulunduğum konumu göster	1
şu anda bulunduğum kurumun adresi	1
şu anda bulunduğum nokta	1
şu anda bulunduğum yeri söyler misin	1
şu anda bulunduğum yeri çok biliyor musun	1
şu anda bulunduğumuz	1
şu anda burası nere	1
şu anda ki konumum	1
şu anda konumunu bildir	1
şu anda konumunu bildir nerede	1
şu anda nerede	1
şu anda neredeyim ben	1
şu anda neredeyiz konumunuz	1
şu anda yerimi bildir neredeyim	1
şu anda şu anda nerde	1
şu andaki konumu	1
şu andaki konumu kaydet	1
şu andaki konumum	1
şu andaki mevkiimiz neresi	1
şu anki bulunduğum	1
şu anki bulunduğum bölge	1
şu anki bulunduğum konum	1
şu anki bulunduğum yer	1
şu anki bulunduğum yer neresi	1
şu anki bulunduğum yeri göster sesli olarak	1
şu anki bulunduğumuz yerin	1
şu anki konumu göster	1
şu anki konumum neresi haritada bul	1
şu anki konumumdan bizim	1
şu anki konumumu göster	1
şu anki yer konumu	1
şuan ben nerdeyim	1
şuan biz neredeyiz	1
şuan nerdeyim ben	1
şuan neredeyim	1
şuan neredeyiz	1
şuan olduğum yer neresi	1
şuan olduğumuz yer neresi	1
şuanda ben nerdeyim yerimi bildir	1
şuanda ben neredeyim	1
şuanda nerdesiniz	1
