INPUT:dialog	GOLDEN:intent	HINT:text
—Å–∫–∞—á–∞—Ç—å –ø–æ—Ä–Ω—É—Ö—É	search.porno.video	–°–∫–∞—á–∞—Ç—å –∫–æ–Ω—Ç–µ–Ω—Ç 18+
–∞ –Ω–µ –ø–æ—Å–º–æ—Ç—Ä–µ—Ç—å –±—ã –Ω–∞–º –∫–ª–∏–ø—ã –∞–ª–∏—Å–∞?,–í–æ—Ç —Å–ø–∏—Å–æ–∫ 10 —Å–∞–º—ã—Ö –ø–æ–ø—É–ª—è—Ä–Ω—ã—Ö –≤–∏–¥–µ–æ –∫–ª–∏–ø–æ–≤,–í–∫–ª—é—á–∞–π –ø–æ–æ—á–µ—Ä–µ–¥–∏	search.content.video.not_porno	–ò–∑ –∫–æ–Ω—Ç–µ–∫—Å—Ç–∞ –ø–æ–Ω—è—Ç–Ω–æ —á—Ç–æ –∏–¥–µ—Ç —Ä–µ—á—å –æ –≤–∏–¥–µ–æ–∫–æ–Ω—Ç–µ–Ω—Ç–µ
–ø–æ—Ä–Ω–æ –ø–æ—Ä–Ω–æ –ø–æ—Ä–Ω–æ	search.porno.video	–ü–æ–∏—Å–∫ –∏–Ω—Ñ–æ—Ä–∞—Ü–∏–∏ 18+, –Ω–æ –Ω–µ —É–∫–∞–∑–∞–Ω—ã —Å–ª–æ–≤–∞ –≤—Ä–æ–¥–µ —Å–∫–∞—á–∞—Ç—å, –ø–æ—ç—Ç–æ–º—É —ç—Ç–æ –Ω–µ –∫–æ–Ω—Ç–µ–Ω—Ç–Ω—ã–π –∑–∞–ø—Ä–æ—Å
—Å–∫–∞—á–∞—Ç—å –ø–µ—Å–Ω—é –∂–∏—Ç—å –≤–æ–ø—Ä–µ–∫–∏	search.content.music.download	–ü—Ä–æ—Å—å–±–∞ —Å–∫–∞—á–∞—Ç—å –ø–µ—Å–Ω—é (–ø–æ–∏—Å–∫ –∫–æ–Ω—Ç–µ–Ω—Ç–∞ - –º—É–∑—ã–∫–∞)
–∫—Ç–æ —Å–Ω–∏–º–∞–ª—Å—è –≤ —Ñ–∏–ª—å–º–µ –∞–≤–∞—Ç–∞—Ä?	search.other	–ü–æ–¥–æ–π–¥—É—Ç –∫–∞–∫ –ø–æ–∏—Å–∫ –ø—Ä–æ—á–µ–µ, —Ç–∞–∫ –∏ —Ñ–∏–ª—å–º—ã - –æ–±—â–∞—è –∏–Ω—Ñ–æ—Ä–º–∞—Ü–∏—è
–æ—Ç–∫—Ä–æ–π —é—Ç—É–±	action.app.video	–í–∏–¥–µ–æ - –æ—Ç–∫—Ä—ã—Ç—å –≤ –ø—Ä–∏–ª–æ–∂–µ–Ω–∏–∏ / —Å–∞–π—Ç–µ
–∞–ª–∏—Å–∞ —Ä–∞–∑–≤–µ—Å–µ–ª–∏ –º–µ–Ω—è,–º–æ–≥—É —Ä–∞—Å—Å–∫–∞–∑–∞—Ç—å –∞–Ω–µ–∫–¥–æ—Ç,–¥–∞–≤–∞–π		
–≤–∏–¥–∫–æ —Å –ø–æ—Ä–Ω–æ —Å–º–æ—Ç—Ä–µ—Ç—å –æ–Ω–ª–∞–π–Ω	search.porno.video	–ü—Ä—è–º–æ–µ —É–∫–∞–∑–∞–Ω–∏–µ —Å–º–æ—Ç—Ä–µ—Ç—å –∫–æ–Ω—Ç–µ–Ω—Ç 18+
–∞–ª–∏—Å–∞ —Ç—ã –∑–Ω–∞–µ—à—å —Ñ–∏–ª—å–º —Ä—ç–º–±–æ?,—Ö–æ—Ç–∏—Ç–µ –ø–æ—Å–º–æ—Ç—Ä–µ—Ç—å?,–¥–∞\, –≤–∫–ª—é—á–∏ –ø–µ—Ä—É—é —á–∞—Å—Ç—å –Ω–∞ —Ç–µ–ª–µ–≤–∏–∑–æ—Ä–µ	search.content.film.play	–ü—Ä–æ—Å—å–±–∞ –≤–∫–ª—é—á–∏—Ç—å —Ñ–∏–ª—å–º
—Å–∫–∞—á–∞—Ç—å –∏–≥—Ä—É –∫–æ—Å–º–∏—á–µ—Å–∫–∏–µ —Ä–µ–π–Ω–¥–∂–µ—Ä—ã 2	search.content.other	–ü–æ–∏—Å–∫ –∫–æ–Ω—Ç–µ–Ω—Ç–∞ (–∏–≥—Ä–∞ –≤—Ö–æ–¥–∏—Ç –≤ –∫–∞—Ç–µ–≥–æ—Ä–∏—é –¥—Ä—É–≥–æ–µ)

–∫–æ—Ç–æ—Ä—ã–π —á–∞—Å?,–¥–≤–µ–Ω–∞–¥—Ü–∞—Ç—å —á–∞—Å–æ–≤ –¥–≤–∞–¥—Ü–∞—Ç—å –º–∏–Ω—É—Ç,—è—Å–Ω–æ	other.insignificant.ok	–î—Ä—É–≥–æ–µ - –Ω–µ–∏–Ω—Ñ–æ—Ä–º–∞—Ç–∏–≤–Ω—ã–π –æ—Ç–≤–µ—Ç
–ü–æ–±–ª–∏–∑–æ—Å—Ç–∏ –Ω–µ—Ç –º–∞–≥–∞–∑–∏–Ω–æ–≤,–ê —á—Ç–æ —Ç–æ–≥–¥–∞ –ø–æ –∞–¥—Ä–µ—Å—É —É–ª –º–∞–ª–∞—è –ø–∏—Ä–æ–≥–æ–≤—Å–∫–∞—è 16?	search.geo.address.general	–ó–∞–ø—Ä–æ—Å –∏–Ω—Ñ–æ—Ä–º–∞—Ü–∏–∏ –ø–æ –∞–¥—Ä–µ—Å
–ì—Ä—É–ø–ø–∞ –°–µ—Ä–µ–±—Ä–æ –∫—Ç–æ —É—á–∞—Å—Ç–Ω–∏–∫–∏	search.content.music.general	"–ü–æ–∏—Å–∫ - –ö–æ–Ω—Ç–µ–Ω—Ç - –ú—É–∑—ã–∫–∞ - –¢–æ–ª—å–∫–æ –∏—Å–ø–æ–ª–Ω–∏—Ç–µ–ª—å/–ø–µ—Å–Ω—è. –≠—Ç–æ—Ç –∑–∞–ø—Ä–æ—Å –º–æ–∂–Ω–æ –æ—Ç–Ω–µ—Å—Ç–∏ –∫ –º—É–∑—ã–∫–∞–ª—å–Ω—ã–º, –Ω–æ –Ω—É–∂–Ω–æ –≤—ã–±—Ä–∞—Ç—å ""—Ç–æ–ª—å–∫–æ –∏—Å–ø–æ–ª–Ω–∏—Ç–µ–ª—å/–ø–µ—Å–Ω—è"", —Ç–∞–∫ –∫–∞–∫ –≤ –∑–∞–ø—Ä–æ—Å–µ –Ω–µ —Å–æ–¥–µ—Ä–∂–∏—Ç—Å—è –≥–ª–∞–≥–æ–ª–æ–≤ –¥–µ–π—Å—Ç–≤–∏—è –∏–ª–∏ —É–ø–æ–º–∏–Ω–∞–Ω–∏—è –ø—Ä–∏–ª–æ–∂–µ–Ω–∏–π"
–∞–ª–∏—Å–∞ —á—Ç–æ –º–Ω–µ –ø–æ—Å–º–æ—Ç—Ä–µ—Ç—å?,–∞ –∫–∞–∫–∏–µ —Ñ–∏–ª—å–º—ã –≤–∞–º –Ω—Ä–∞–≤—è—Ç—Å—è?,–í–∫–ª—é—á–∏-–∫–∞ –±–æ–µ–≤–∏–∫ –∏–∑ –Ω–æ–≤—ã—Ö	search.content.film.play	–ü—Ä–æ—Å—å–±–∞ –≤–∫–ª—é—á–∏—Ç—å —Ñ–∏–ª—å–º
–ü–æ–∫–∞–∂–∏ –º–Ω–µ –±–∞—Ä—ã –≤ –ø—Ä–∏–ª–æ–∂–µ–Ω–∏–∏ –Ø–Ω–¥–µ–∫—Å –∫–∞—Ä—Ç—ã	action.app.maps	–ü–æ–∏—Å–∫ –∏–Ω—Ñ–æ—Ä–º–∞—Ü–∏–∏ –æ–± –æ—Ä–≥–∞–Ω–∏–∑–∞—Ü–∏–∏ –≤ –ø—Ä–∏–ª–æ–∂–µ–Ω–∏–∏
–∞ –º–æ–∂–µ—Ç –ø–æ—Å–º–æ—Ç—Ä–∏–º –∏–≥—Ä—É –ø—Ä–µ—Å—Ç–æ–ª–æ–≤?,–ê –ø–æ—á–µ–º—É –±—ã –∏ –Ω–µ—Ç?,–í–∫–ª—é—á–∞–π	search.content.film.play	–ò–∑ –∫–æ–Ω—Ç–µ–∫—Å—Ç–∞ –ø–æ–Ω—è—Ç–Ω–æ —á—Ç–æ —ç—Ç–æ –ø—Ä–æ—Å—å–±–∞ –≤–∫–ª—é—á–∏—Ç—å —Å–µ—Ä–∏–∞–ª
–ü–æ–≥–æ–¥–∞ –Ω–∞ —Å–µ–≥–æ–¥–Ω—è 2 —á–∞—Å–∞ –¥–Ω—è	search.news_and_weather.weather	–ü–æ–≥–æ–¥–∞
–±–ª—è–¥—å –∞–ª–∏—Å–∞ —Ç—ã —Ç—É–ø–∞—è —Å—É–∫–∞		
–ê–ª–∏—Å–∞ —á—Ç–æ –∏–¥–µ—Ç –≤ –∫–∏–Ω–æ,–°–µ–π—á–∞—Å –≤ –ø—Ä–æ–∫–∞—Ç–µ –±–æ–ª—å—à–µ 30 —Ñ–∏–ª—å–º–æ–≤ —Ö–æ—Ç–∏—Ç–µ —É–∑–Ω–∞—Ç—å –æ–±–æ –≤—Å–µ—Ö?,–ù–µ—Ç –ª—É—á—à–µ —Å–∫–∞–∂–∏ —á—Ç–æ –ø–æ–∫–∞–∑—ã–≤–∞—é—Ç –≤ –∫–∏–Ω–æ—Ç–µ–∞—Ç—Ä–µ –ü–∏–æ–Ω–µ—Ä	search.timetable.cinema	–†–∞—Å–ø–∏—Å–∞–Ω–∏–µ –∫–∏–Ω–æ—Å–µ–∞–Ω—Å–æ–≤
–í–∫–ª—é—á–∏ —Å–∫–∞–∑–∫—É –ø—Ä–æ —Ç—Ä–µ—Ö –ø–æ—Ä–æ—Å—è—Ç –≤ –Ø–Ω–¥–µ–∫—Å –º—É–∑—ã–∫–µ	search.content.audiobooks.yandex	–ü–æ–∏—Å–∫ - –ö–æ–Ω—Ç–µ–Ω—Ç - –ê—É–¥–∏–æ—Å–∫–∞–∑–∫–∏ - –Ø–Ω–¥–µ–∫—Å. –≠—Ç–æ –∑–∞–ø—Ä–æ—Å —Å–≤—è–∑–∞–Ω–Ω—ã–π c –∞—É–¥–∏–æ—Å–∫–∞–∑–∫–∞–º–∏

–±–ª—è–¥—å –∞–ª–∏—Å–∞ —Ç—ã —Ç—É–ø–∞—è —Å—É–∫–∞	general_conversation.feedback.negative.insult_swearing	–ö—Ä–∏—Ç–∏–∫–∞ / –æ—Å–∫–æ—Ä–±–ª–µ–Ω–∏—è - –ú–∞—Ç–µ—Ä–Ω—ã–µ –≤—ã—Ä–∞–∂–µ–Ω–∏—è
üòÇüòÇüòÇ	other.nonsense	–î—Ä—É–≥–æ–µ - –ø—Ä–æ—á–µ–µ
–ê–ª–∏—Å–∞ —Å–∫–∞—á–∞–π –∫–∞—Ä–∞–æ–∫–µ –ø–æ–∂–∞–ª—É–π—Å—Ç–∞	search.content.music.karaoke	–ü–æ–∏—Å–∫ - –ö–æ–Ω—Ç–µ–Ω—Ç - –ú—É–∑—ã–∫–∞ - –ö–∞—Ä–∞–æ–∫–µ
–†–∞—Å—Å–∫–∞–∂–∏ –º–Ω–µ —Å—Ç–∏—Ö	general_conversation.tell.poem	–ö–∞—Ç–µ–≥–æ—Ä–∏—è —Ä–∞—Å—Å–∫–∞–∂–∏ - —Å—Ç–∏—Ö
–∞–ª–∏—Å–∞ —Ä–∞–∑–≤–µ—Å–µ–ª–∏ –º–µ–Ω—è,–º–æ–≥—É —Ä–∞—Å—Å–∫–∞–∑–∞—Ç—å –∞–Ω–µ–∫–¥–æ—Ç,–¥–∞–≤–∞–π	general_conversation.tell.joke	–î–∏–∞–ª–æ–≥, —Ä–∞—Å—Å–∫–∞–∂–∏ –∞–Ω–µ–∫–¥–æ—Ç
–ê–≤—Ç–æ–±—É—Å –º10 –º–æ—Å–∫–≤–∞ –º–∞—Ä—à—Ä—É—Ç	search.timetable.transport	–ü–æ–∏—Å–∫ –∏–Ω—Ñ–æ—Ä–º–∞—Ü–∏–∏ –æ —Ä–∞—Å–ø–∏—Å–∞–Ω–∏–∏ –æ–±—â–µ—Å—Ç–≤–µ–Ω–Ω–æ–≥–æ —Ç—Ä–∞–Ω—Å–ø–æ—Ä—Ç–∞
–ß—Ç–æ –±—É–¥—É—Ç –ø–æ–∫–∞–∑—ã–≤–∞—Ç—å –ø–æ —Ç–µ–ª–∏–∫—É –Ω–∞ –≤—ã—Ö–æ–¥–Ω—ã—Ö –≤–µ—á–µ—Ä–æ–º	search.timetable.tv	–°—É–¥—è –ø–æ –≤—Å–µ–º—É - –¢–í –ø—Ä–æ–≥—Ä–∞–º–º–∞
–∞–ª–∏—Å–∞ —Å–∫–æ–ª—å–∫–æ –º–Ω–µ –µ—â–µ –∂–¥–∞—Ç—å —É–±–µ—Ä,–≤–æ–¥–∏—Ç–µ–ª—å –±—É–¥–µ—Ç —á–µ—Ä–µ–∑ 15 –º–∏–Ω—É—Ç,—Ç–æ–≥–¥–∞ –æ—Ç–º–µ–Ω–∏ –∑–∞–∫–∞–∑ —è –±—ã—Å—Ç—Ä–µ–µ –ø–µ—à–∫–æ–º –¥–æ–π–¥—É	action.taxi.other.cancel	–û—Ç–º–µ–Ω–∞ –∑–∞–∫–∞–∑–∞ —Ç–∞–∫—Å–∏ (–ø—Ä–æ—á–∏–µ —Å–µ—Ä–≤–∏—Å—ã)
–ß—Ç–æ —Ç—ã —É–º–µ–µ—à—å?	simple.what_you_can.general	–û–¥–∏–Ω –∏–∑ –ø—Ä–æ—Å—Ç—ã—Ö —Å—Ü–µ–Ω–∞—Ä–∏–µ–≤, –æ–ø–∏—Å–∞–Ω–Ω—ã—Ö –≤ –∫–∞—Ç–µ–≥–æ—Ä–∏–∏ –¥–∏–∞–ª–æ–≥
–ß—Ç–æ —Ç—ã —É–º–µ–µ—à—å?		